/*
 Navicat Premium Dump SQL

 Source Server         : localhost_5432
 Source Server Type    : PostgreSQL
 Source Server Version : 120011 (120011)
 Source Host           : localhost:5432
 Source Catalog        : RuoYi
 Source Schema         : public

 Target Server Type    : PostgreSQL
 Target Server Version : 120011 (120011)
 File Encoding         : 65001

 Date: 08/07/2024 16:11:48
*/



-- ----------------------------
-- Table structure for gen_table
-- ----------------------------
DROP TABLE IF EXISTS "public"."gen_table";
CREATE TABLE "public"."gen_table" (
                                      "table_id" bigserial,
                                      "table_name" varchar(200) COLLATE "pg_catalog"."default",
                                      "table_comment" varchar(500) COLLATE "pg_catalog"."default",
                                      "sub_table_name" varchar(64) COLLATE "pg_catalog"."default",
                                      "sub_table_fk_name" varchar(64) COLLATE "pg_catalog"."default",
                                      "class_name" varchar(100) COLLATE "pg_catalog"."default",
                                      "tpl_category" varchar(200) COLLATE "pg_catalog"."default",
                                      "tpl_web_type" varchar(30)  COLLATE "pg_catalog"."default",
                                      "package_name" varchar(100) COLLATE "pg_catalog"."default",
                                      "module_name" varchar(30) COLLATE "pg_catalog"."default",
                                      "business_name" varchar(30) COLLATE "pg_catalog"."default",
                                      "function_name" varchar(50) COLLATE "pg_catalog"."default",
                                      "function_author" varchar(50) COLLATE "pg_catalog"."default",
                                      "gen_type" char(1) COLLATE "pg_catalog"."default",
                                      "gen_path" varchar(200) COLLATE "pg_catalog"."default",
                                      "options" varchar(1000) COLLATE "pg_catalog"."default",
                                      "create_by" varchar(64) COLLATE "pg_catalog"."default",
                                      "create_time" timestamp(6),
                                      "update_by" varchar(64) COLLATE "pg_catalog"."default",
                                      "update_time" timestamp(6),
                                      "remark" varchar(500) COLLATE "pg_catalog"."default"
)
;
COMMENT ON COLUMN "public"."gen_table"."table_id" IS '编号';
COMMENT ON COLUMN "public"."gen_table"."table_name" IS '表名称';
COMMENT ON COLUMN "public"."gen_table"."table_comment" IS '表描述';
COMMENT ON COLUMN "public"."gen_table"."sub_table_name" IS '关联子表的表名';
COMMENT ON COLUMN "public"."gen_table"."sub_table_fk_name" IS '子表关联的外键名';
COMMENT ON COLUMN "public"."gen_table"."class_name" IS '实体类名称';
COMMENT ON COLUMN "public"."gen_table"."tpl_category" IS '使用的模板（crud单表操作 tree树表操作）';
COMMENT ON COLUMN "public"."gen_table"."tpl_web_type" IS '前端模板类型（element-ui模版 element-plus模版）';
COMMENT ON COLUMN "public"."gen_table"."package_name" IS '生成包路径';
COMMENT ON COLUMN "public"."gen_table"."module_name" IS '生成模块名';
COMMENT ON COLUMN "public"."gen_table"."business_name" IS '生成业务名';
COMMENT ON COLUMN "public"."gen_table"."function_name" IS '生成功能名';
COMMENT ON COLUMN "public"."gen_table"."function_author" IS '生成功能作者';
COMMENT ON COLUMN "public"."gen_table"."gen_type" IS '生成代码方式（0zip压缩包 1自定义路径）';
COMMENT ON COLUMN "public"."gen_table"."gen_path" IS '生成路径（不填默认项目路径）';
COMMENT ON COLUMN "public"."gen_table"."options" IS '其它生成选项';
COMMENT ON COLUMN "public"."gen_table"."create_by" IS '创建者';
COMMENT ON COLUMN "public"."gen_table"."create_time" IS '创建时间';
COMMENT ON COLUMN "public"."gen_table"."update_by" IS '更新者';
COMMENT ON COLUMN "public"."gen_table"."update_time" IS '更新时间';
COMMENT ON COLUMN "public"."gen_table"."remark" IS '备注';
COMMENT ON TABLE "public"."gen_table" IS '代码生成业务表';

-- ----------------------------
-- Records of gen_table
-- ----------------------------

-- ----------------------------
-- Table structure for gen_table_column
-- ----------------------------
DROP TABLE IF EXISTS "public"."gen_table_column";
CREATE TABLE "public"."gen_table_column" (
                                             "column_id" bigserial,
                                             "table_id" varchar(64) COLLATE "pg_catalog"."default",
                                             "column_name" varchar(200) COLLATE "pg_catalog"."default",
                                             "column_comment" varchar(500) COLLATE "pg_catalog"."default",
                                             "column_type" varchar(100) COLLATE "pg_catalog"."default",
                                             "java_type" varchar(500) COLLATE "pg_catalog"."default",
                                             "java_field" varchar(200) COLLATE "pg_catalog"."default",
                                             "is_pk" char(1) COLLATE "pg_catalog"."default",
                                             "is_increment" char(1) COLLATE "pg_catalog"."default",
                                             "is_required" char(1) COLLATE "pg_catalog"."default",
                                             "is_insert" char(1) COLLATE "pg_catalog"."default",
                                             "is_edit" char(1) COLLATE "pg_catalog"."default",
                                             "is_list" char(1) COLLATE "pg_catalog"."default",
                                             "is_query" char(1) COLLATE "pg_catalog"."default",
                                             "query_type" varchar(200) COLLATE "pg_catalog"."default",
                                             "html_type" varchar(200) COLLATE "pg_catalog"."default",
                                             "dict_type" varchar(200) default '',
                                             "sort" int4,
                                             "create_by" varchar(64) COLLATE "pg_catalog"."default",
                                             "create_time" timestamp(6),
                                             "update_by" varchar(64) COLLATE "pg_catalog"."default",
                                             "update_time" timestamp(6)
)
;
COMMENT ON COLUMN "public"."gen_table_column"."column_id" IS '编号';
COMMENT ON COLUMN "public"."gen_table_column"."table_id" IS '归属表编号';
COMMENT ON COLUMN "public"."gen_table_column"."column_name" IS '列名称';
COMMENT ON COLUMN "public"."gen_table_column"."column_comment" IS '列描述';
COMMENT ON COLUMN "public"."gen_table_column"."column_type" IS '列类型';
COMMENT ON COLUMN "public"."gen_table_column"."java_type" IS 'JAVA类型';
COMMENT ON COLUMN "public"."gen_table_column"."java_field" IS 'JAVA字段名';
COMMENT ON COLUMN "public"."gen_table_column"."is_pk" IS '是否主键（1是）';
COMMENT ON COLUMN "public"."gen_table_column"."is_increment" IS '是否自增（1是）';
COMMENT ON COLUMN "public"."gen_table_column"."is_required" IS '是否必填（1是）';
COMMENT ON COLUMN "public"."gen_table_column"."is_insert" IS '是否为插入字段（1是）';
COMMENT ON COLUMN "public"."gen_table_column"."is_edit" IS '是否编辑字段（1是）';
COMMENT ON COLUMN "public"."gen_table_column"."is_list" IS '是否列表字段（1是）';
COMMENT ON COLUMN "public"."gen_table_column"."is_query" IS '是否查询字段（1是）';
COMMENT ON COLUMN "public"."gen_table_column"."query_type" IS '查询方式（等于、不等于、大于、小于、范围）';
COMMENT ON COLUMN "public"."gen_table_column"."html_type" IS '显示类型（文本框、文本域、下拉框、复选框、单选框、日期控件）';
COMMENT ON COLUMN "public"."gen_table_column"."dict_type" IS '字典类型';
COMMENT ON COLUMN "public"."gen_table_column"."sort" IS '排序';
COMMENT ON COLUMN "public"."gen_table_column"."create_by" IS '创建者';
COMMENT ON COLUMN "public"."gen_table_column"."create_time" IS '创建时间';
COMMENT ON COLUMN "public"."gen_table_column"."update_by" IS '更新者';
COMMENT ON COLUMN "public"."gen_table_column"."update_time" IS '更新时间';
COMMENT ON TABLE "public"."gen_table_column" IS '代码生成业务表字段';

-- ----------------------------
-- Records of gen_table_column
-- ----------------------------

-- ----------------------------
-- Table structure for qrtz_blob_triggers
-- ----------------------------
DROP TABLE IF EXISTS "public"."qrtz_blob_triggers";
CREATE TABLE "public"."qrtz_blob_triggers" (
                                               "sched_name" varchar(120) COLLATE "pg_catalog"."default" NOT NULL,
                                               "trigger_name" varchar(200) COLLATE "pg_catalog"."default" NOT NULL,
                                               "trigger_group" varchar(200) COLLATE "pg_catalog"."default" NOT NULL,
                                               "blob_data" bytea
)
;

-- ----------------------------
-- Records of qrtz_blob_triggers
-- ----------------------------

-- ----------------------------
-- Table structure for qrtz_calendars
-- ----------------------------
DROP TABLE IF EXISTS "public"."qrtz_calendars";
CREATE TABLE "public"."qrtz_calendars" (
                                           "sched_name" varchar(120) COLLATE "pg_catalog"."default" NOT NULL,
                                           "calendar_name" varchar(200) COLLATE "pg_catalog"."default" NOT NULL,
                                           "calendar" bytea NOT NULL
)
;

-- ----------------------------
-- Records of qrtz_calendars
-- ----------------------------

-- ----------------------------
-- Table structure for qrtz_cron_triggers
-- ----------------------------
DROP TABLE IF EXISTS "public"."qrtz_cron_triggers";
CREATE TABLE "public"."qrtz_cron_triggers" (
                                               "sched_name" varchar(120) COLLATE "pg_catalog"."default" NOT NULL,
                                               "trigger_name" varchar(200) COLLATE "pg_catalog"."default" NOT NULL,
                                               "trigger_group" varchar(200) COLLATE "pg_catalog"."default" NOT NULL,
                                               "cron_expression" varchar(200) COLLATE "pg_catalog"."default" NOT NULL,
                                               "time_zone_id" varchar(80) COLLATE "pg_catalog"."default"
)
;

-- ----------------------------
-- Records of qrtz_cron_triggers
-- ----------------------------
INSERT INTO "public"."qrtz_cron_triggers" VALUES ('RuoyiScheduler', 'TASK_CLASS_NAME1', 'DEFAULT', '0/10 * * * * ?', 'Asia/Shanghai');
INSERT INTO "public"."qrtz_cron_triggers" VALUES ('RuoyiScheduler', 'TASK_CLASS_NAME2', 'DEFAULT', '0/15 * * * * ?', 'Asia/Shanghai');
INSERT INTO "public"."qrtz_cron_triggers" VALUES ('RuoyiScheduler', 'TASK_CLASS_NAME3', 'DEFAULT', '0/20 * * * * ?', 'Asia/Shanghai');

-- ----------------------------
-- Table structure for qrtz_fired_triggers
-- ----------------------------
DROP TABLE IF EXISTS "public"."qrtz_fired_triggers";
CREATE TABLE "public"."qrtz_fired_triggers" (
                                                "sched_name" varchar(120) COLLATE "pg_catalog"."default" NOT NULL,
                                                "entry_id" varchar(95) COLLATE "pg_catalog"."default" NOT NULL,
                                                "trigger_name" varchar(200) COLLATE "pg_catalog"."default" NOT NULL,
                                                "trigger_group" varchar(200) COLLATE "pg_catalog"."default" NOT NULL,
                                                "instance_name" varchar(200) COLLATE "pg_catalog"."default" NOT NULL,
                                                "fired_time" int8 NOT NULL,
                                                "sched_time" int8 NOT NULL,
                                                "priority" int4 NOT NULL,
                                                "state" varchar(16) COLLATE "pg_catalog"."default" NOT NULL,
                                                "job_name" varchar(200) COLLATE "pg_catalog"."default",
                                                "job_group" varchar(200) COLLATE "pg_catalog"."default",
                                                "is_nonconcurrent" varchar(20) COLLATE "pg_catalog"."default",
                                                "requests_recovery" varchar(20) COLLATE "pg_catalog"."default"
)
;

-- ----------------------------
-- Records of qrtz_fired_triggers
-- ----------------------------

-- ----------------------------
-- Table structure for qrtz_job_details
-- ----------------------------
DROP TABLE IF EXISTS "public"."qrtz_job_details" cascade;
CREATE TABLE "public"."qrtz_job_details" (
                                             "sched_name" varchar(120) COLLATE "pg_catalog"."default" NOT NULL,
                                             "job_name" varchar(200) COLLATE "pg_catalog"."default" NOT NULL,
                                             "job_group" varchar(200) COLLATE "pg_catalog"."default" NOT NULL,
                                             "description" varchar(250) COLLATE "pg_catalog"."default",
                                             "job_class_name" varchar(250) COLLATE "pg_catalog"."default" NOT NULL,
                                             "is_durable" varchar(50) COLLATE "pg_catalog"."default" NOT NULL,
                                             "is_nonconcurrent" varchar(50) COLLATE "pg_catalog"."default" NOT NULL,
                                             "is_update_data" varchar(50) COLLATE "pg_catalog"."default" NOT NULL,
                                             "requests_recovery" varchar(50) COLLATE "pg_catalog"."default" NOT NULL,
                                             "job_data" bytea
)
;

-- ----------------------------
-- Records of qrtz_job_details
-- ----------------------------
INSERT INTO "public"."qrtz_job_details" VALUES ('RuoyiScheduler', 'TASK_CLASS_NAME1', 'DEFAULT', NULL, 'com.ruoyi.quartz.util.QuartzDisallowConcurrentExecution', 'false', 'true', 'false', 'false', E'\\254\\355\\000\\005sr\\000\\025org.quartz.JobDataMap\\237\\260\\203\\350\\277\\251\\260\\313\\002\\000\\000xr\\000&org.quartz.utils.StringKeyDirtyFlagMap\\202\\010\\350\\303\\373\\305](\\002\\000\\001Z\\000\\023allowsTransientDataxr\\000\\035org.quartz.utils.DirtyFlagMap\\023\\346.\\255(v\\012\\316\\002\\000\\002Z\\000\\005dirtyL\\000\\003mapt\\000\\017Ljava/util/Map;xp\\001sr\\000\\021java.util.HashMap\\005\\007\\332\\301\\303\\026`\\321\\003\\000\\002F\\000\\012loadFactorI\\000\\011thresholdxp?@\\000\\000\\000\\000\\000\\014w\\010\\000\\000\\000\\020\\000\\000\\000\\001t\\000\\017TASK_PROPERTIESsr\\000\\036com.ruoyi.quartz.domain.SysJob\\000\\000\\000\\000\\000\\000\\000\\001\\002\\000\\010L\\000\\012concurrentt\\000\\022Ljava/lang/String;L\\000\\016cronExpressionq\\000~\\000\\011L\\000\\014invokeTargetq\\000~\\000\\011L\\000\\010jobGroupq\\000~\\000\\011L\\000\\005jobIdt\\000\\020Ljava/lang/Long;L\\000\\007jobNameq\\000~\\000\\011L\\000\\015misfirePolicyq\\000~\\000\\011L\\000\\006statusq\\000~\\000\\011xr\\000''com.ruoyi.common.core.domain.BaseEntity\\000\\000\\000\\000\\000\\000\\000\\001\\002\\000\\007L\\000\\010createByq\\000~\\000\\011L\\000\\012createTimet\\000\\020Ljava/util/Date;L\\000\\006paramsq\\000~\\000\\003L\\000\\006remarkq\\000~\\000\\011L\\000\\013searchValueq\\000~\\000\\011L\\000\\010updateByq\\000~\\000\\011L\\000\\012updateTimeq\\000~\\000\\014xpt\\000\\005adminsr\\000\\016java.util.Datehj\\201\\001KYt\\031\\003\\000\\000xpw\\010\\000\\000\\001y\\250Q\\233\\030xpt\\000\\000pppt\\000\\0011t\\000\\0160/10 * * * * ?t\\000\\021ryTask.ryNoParamst\\000\\007DEFAULTsr\\000\\016java.lang.Long;\\213\\344\\220\\314\\217#\\337\\002\\000\\001J\\000\\005valuexr\\000\\020java.lang.Number\\206\\254\\225\\035\\013\\224\\340\\213\\002\\000\\000xp\\000\\000\\000\\000\\000\\000\\000\\001t\\000\\030\\347\\263\\273\\347\\273\\237\\351\\273\\230\\350\\256\\244\\357\\274\\210\\346\\227\\240\\345\\217\\202\\357\\274\\211t\\000\\0013t\\000\\0011x\\000');
INSERT INTO "public"."qrtz_job_details" VALUES ('RuoyiScheduler', 'TASK_CLASS_NAME2', 'DEFAULT', NULL, 'com.ruoyi.quartz.util.QuartzDisallowConcurrentExecution', 'false', 'true', 'false', 'false', E'\\254\\355\\000\\005sr\\000\\025org.quartz.JobDataMap\\237\\260\\203\\350\\277\\251\\260\\313\\002\\000\\000xr\\000&org.quartz.utils.StringKeyDirtyFlagMap\\202\\010\\350\\303\\373\\305](\\002\\000\\001Z\\000\\023allowsTransientDataxr\\000\\035org.quartz.utils.DirtyFlagMap\\023\\346.\\255(v\\012\\316\\002\\000\\002Z\\000\\005dirtyL\\000\\003mapt\\000\\017Ljava/util/Map;xp\\001sr\\000\\021java.util.HashMap\\005\\007\\332\\301\\303\\026`\\321\\003\\000\\002F\\000\\012loadFactorI\\000\\011thresholdxp?@\\000\\000\\000\\000\\000\\014w\\010\\000\\000\\000\\020\\000\\000\\000\\001t\\000\\017TASK_PROPERTIESsr\\000\\036com.ruoyi.quartz.domain.SysJob\\000\\000\\000\\000\\000\\000\\000\\001\\002\\000\\010L\\000\\012concurrentt\\000\\022Ljava/lang/String;L\\000\\016cronExpressionq\\000~\\000\\011L\\000\\014invokeTargetq\\000~\\000\\011L\\000\\010jobGroupq\\000~\\000\\011L\\000\\005jobIdt\\000\\020Ljava/lang/Long;L\\000\\007jobNameq\\000~\\000\\011L\\000\\015misfirePolicyq\\000~\\000\\011L\\000\\006statusq\\000~\\000\\011xr\\000''com.ruoyi.common.core.domain.BaseEntity\\000\\000\\000\\000\\000\\000\\000\\001\\002\\000\\007L\\000\\010createByq\\000~\\000\\011L\\000\\012createTimet\\000\\020Ljava/util/Date;L\\000\\006paramsq\\000~\\000\\003L\\000\\006remarkq\\000~\\000\\011L\\000\\013searchValueq\\000~\\000\\011L\\000\\010updateByq\\000~\\000\\011L\\000\\012updateTimeq\\000~\\000\\014xpt\\000\\005adminsr\\000\\016java.util.Datehj\\201\\001KYt\\031\\003\\000\\000xpw\\010\\000\\000\\001y\\250Q\\233\\030xpt\\000\\000pppt\\000\\0011t\\000\\0160/15 * * * * ?t\\000\\025ryTask.ryParams(''ry'')t\\000\\007DEFAULTsr\\000\\016java.lang.Long;\\213\\344\\220\\314\\217#\\337\\002\\000\\001J\\000\\005valuexr\\000\\020java.lang.Number\\206\\254\\225\\035\\013\\224\\340\\213\\002\\000\\000xp\\000\\000\\000\\000\\000\\000\\000\\002t\\000\\030\\347\\263\\273\\347\\273\\237\\351\\273\\230\\350\\256\\244\\357\\274\\210\\346\\234\\211\\345\\217\\202\\357\\274\\211t\\000\\0013t\\000\\0011x\\000');
INSERT INTO "public"."qrtz_job_details" VALUES ('RuoyiScheduler', 'TASK_CLASS_NAME3', 'DEFAULT', NULL, 'com.ruoyi.quartz.util.QuartzDisallowConcurrentExecution', 'false', 'true', 'false', 'false', E'\\254\\355\\000\\005sr\\000\\025org.quartz.JobDataMap\\237\\260\\203\\350\\277\\251\\260\\313\\002\\000\\000xr\\000&org.quartz.utils.StringKeyDirtyFlagMap\\202\\010\\350\\303\\373\\305](\\002\\000\\001Z\\000\\023allowsTransientDataxr\\000\\035org.quartz.utils.DirtyFlagMap\\023\\346.\\255(v\\012\\316\\002\\000\\002Z\\000\\005dirtyL\\000\\003mapt\\000\\017Ljava/util/Map;xp\\001sr\\000\\021java.util.HashMap\\005\\007\\332\\301\\303\\026`\\321\\003\\000\\002F\\000\\012loadFactorI\\000\\011thresholdxp?@\\000\\000\\000\\000\\000\\014w\\010\\000\\000\\000\\020\\000\\000\\000\\001t\\000\\017TASK_PROPERTIESsr\\000\\036com.ruoyi.quartz.domain.SysJob\\000\\000\\000\\000\\000\\000\\000\\001\\002\\000\\010L\\000\\012concurrentt\\000\\022Ljava/lang/String;L\\000\\016cronExpressionq\\000~\\000\\011L\\000\\014invokeTargetq\\000~\\000\\011L\\000\\010jobGroupq\\000~\\000\\011L\\000\\005jobIdt\\000\\020Ljava/lang/Long;L\\000\\007jobNameq\\000~\\000\\011L\\000\\015misfirePolicyq\\000~\\000\\011L\\000\\006statusq\\000~\\000\\011xr\\000''com.ruoyi.common.core.domain.BaseEntity\\000\\000\\000\\000\\000\\000\\000\\001\\002\\000\\007L\\000\\010createByq\\000~\\000\\011L\\000\\012createTimet\\000\\020Ljava/util/Date;L\\000\\006paramsq\\000~\\000\\003L\\000\\006remarkq\\000~\\000\\011L\\000\\013searchValueq\\000~\\000\\011L\\000\\010updateByq\\000~\\000\\011L\\000\\012updateTimeq\\000~\\000\\014xpt\\000\\005adminsr\\000\\016java.util.Datehj\\201\\001KYt\\031\\003\\000\\000xpw\\010\\000\\000\\001y\\250Q\\233\\030xpt\\000\\000pppt\\000\\0011t\\000\\0160/20 * * * * ?t\\0008ryTask.ryMultipleParams(''ry'', true, 2000L, 316.50D, 100)t\\000\\007DEFAULTsr\\000\\016java.lang.Long;\\213\\344\\220\\314\\217#\\337\\002\\000\\001J\\000\\005valuexr\\000\\020java.lang.Number\\206\\254\\225\\035\\013\\224\\340\\213\\002\\000\\000xp\\000\\000\\000\\000\\000\\000\\000\\003t\\000\\030\\347\\263\\273\\347\\273\\237\\351\\273\\230\\350\\256\\244\\357\\274\\210\\345\\244\\232\\345\\217\\202\\357\\274\\211t\\000\\0013t\\000\\0011x\\000');

-- ----------------------------
-- Table structure for qrtz_locks
-- ----------------------------
DROP TABLE IF EXISTS "public"."qrtz_locks";
CREATE TABLE "public"."qrtz_locks" (
                                       "sched_name" varchar(120) COLLATE "pg_catalog"."default" NOT NULL,
                                       "lock_name" varchar(40) COLLATE "pg_catalog"."default" NOT NULL
)
;

-- ----------------------------
-- Records of qrtz_locks
-- ----------------------------
INSERT INTO "public"."qrtz_locks" VALUES ('RuoyiScheduler', 'TRIGGER_ACCESS');
INSERT INTO "public"."qrtz_locks" VALUES ('RuoyiScheduler', 'STATE_ACCESS');

-- ----------------------------
-- Table structure for qrtz_paused_trigger_grps
-- ----------------------------
DROP TABLE IF EXISTS "public"."qrtz_paused_trigger_grps";
CREATE TABLE "public"."qrtz_paused_trigger_grps" (
                                                     "sched_name" varchar(120) COLLATE "pg_catalog"."default" NOT NULL,
                                                     "trigger_group" varchar(200) COLLATE "pg_catalog"."default" NOT NULL
)
;

-- ----------------------------
-- Records of qrtz_paused_trigger_grps
-- ----------------------------

-- ----------------------------
-- Table structure for qrtz_scheduler_state
-- ----------------------------
DROP TABLE IF EXISTS "public"."qrtz_scheduler_state";
CREATE TABLE "public"."qrtz_scheduler_state" (
                                                 "sched_name" varchar(120) COLLATE "pg_catalog"."default" NOT NULL,
                                                 "instance_name" varchar(200) COLLATE "pg_catalog"."default" NOT NULL,
                                                 "last_checkin_time" int8 NOT NULL,
                                                 "checkin_interval" int8 NOT NULL
)
;

-- ----------------------------
-- Records of qrtz_scheduler_state
-- ----------------------------
INSERT INTO "public"."qrtz_scheduler_state" VALUES ('RuoyiScheduler', 'LAPTOP-3MPMV2DO1622082068199', 1622082356557, 15000);

-- ----------------------------
-- Table structure for qrtz_simple_triggers
-- ----------------------------
DROP TABLE IF EXISTS "public"."qrtz_simple_triggers";
CREATE TABLE "public"."qrtz_simple_triggers" (
                                                 "sched_name" varchar(120) COLLATE "pg_catalog"."default" NOT NULL,
                                                 "trigger_name" varchar(200) COLLATE "pg_catalog"."default" NOT NULL,
                                                 "trigger_group" varchar(200) COLLATE "pg_catalog"."default" NOT NULL,
                                                 "repeat_count" int8 NOT NULL,
                                                 "repeat_interval" int8 NOT NULL,
                                                 "times_triggered" int8 NOT NULL
)
;

-- ----------------------------
-- Records of qrtz_simple_triggers
-- ----------------------------

-- ----------------------------
-- Table structure for qrtz_simprop_triggers
-- ----------------------------
DROP TABLE IF EXISTS "public"."qrtz_simprop_triggers";
CREATE TABLE "public"."qrtz_simprop_triggers" (
                                                  "sched_name" varchar(120) COLLATE "pg_catalog"."default" NOT NULL,
                                                  "trigger_name" varchar(200) COLLATE "pg_catalog"."default" NOT NULL,
                                                  "trigger_group" varchar(200) COLLATE "pg_catalog"."default" NOT NULL,
                                                  "str_prop_1" varchar(512) COLLATE "pg_catalog"."default",
                                                  "str_prop_2" varchar(512) COLLATE "pg_catalog"."default",
                                                  "str_prop_3" varchar(512) COLLATE "pg_catalog"."default",
                                                  "int_prop_1" int4,
                                                  "int_prop_2" int4,
                                                  "long_prop_1" int8,
                                                  "long_prop_2" int8,
                                                  "dec_prop_1" numeric(13,4),
                                                  "dec_prop_2" numeric(13,4),
                                                  "bool_prop_1" varchar(2) COLLATE "pg_catalog"."default",
                                                  "bool_prop_2" varchar(2) COLLATE "pg_catalog"."default"
)
;

-- ----------------------------
-- Records of qrtz_simprop_triggers
-- ----------------------------

-- ----------------------------
-- Table structure for qrtz_triggers
-- ----------------------------
DROP TABLE IF EXISTS "public"."qrtz_triggers";
CREATE TABLE "public"."qrtz_triggers" (
                                          "sched_name" varchar(120) COLLATE "pg_catalog"."default" NOT NULL,
                                          "trigger_name" varchar(200) COLLATE "pg_catalog"."default" NOT NULL,
                                          "trigger_group" varchar(200) COLLATE "pg_catalog"."default" NOT NULL,
                                          "job_name" varchar(200) COLLATE "pg_catalog"."default" NOT NULL,
                                          "job_group" varchar(200) COLLATE "pg_catalog"."default" NOT NULL,
                                          "description" varchar(250) COLLATE "pg_catalog"."default",
                                          "next_fire_time" int8,
                                          "prev_fire_time" int8,
                                          "priority" int4,
                                          "trigger_state" varchar(16) COLLATE "pg_catalog"."default" NOT NULL,
                                          "trigger_type" varchar(8) COLLATE "pg_catalog"."default" NOT NULL,
                                          "start_time" int8 NOT NULL,
                                          "end_time" int8,
                                          "calendar_name" varchar(200) COLLATE "pg_catalog"."default",
                                          "misfire_instr" int2,
                                          "job_data" bytea
)
;

-- ----------------------------
-- Records of qrtz_triggers
-- ----------------------------
INSERT INTO "public"."qrtz_triggers" VALUES ('RuoyiScheduler', 'TASK_CLASS_NAME3', 'DEFAULT', 'TASK_CLASS_NAME3', 'DEFAULT', NULL, 1622082080000, -1, 5, 'PAUSED', 'CRON', 1622082068000, 0, NULL, 2, E'\\\\x');
INSERT INTO "public"."qrtz_triggers" VALUES ('RuoyiScheduler', 'TASK_CLASS_NAME1', 'DEFAULT', 'TASK_CLASS_NAME1', 'DEFAULT', NULL, 1622082070000, -1, 5, 'PAUSED', 'CRON', 1622082068000, 0, NULL, 2, E'\\\\x');
INSERT INTO "public"."qrtz_triggers" VALUES ('RuoyiScheduler', 'TASK_CLASS_NAME2', 'DEFAULT', 'TASK_CLASS_NAME2', 'DEFAULT', NULL, 1622082075000, -1, 5, 'PAUSED', 'CRON', 1622082068000, 0, NULL, 2, E'\\\\x');

-- ----------------------------
-- Table structure for sys_config
-- ----------------------------
DROP TABLE IF EXISTS "public"."sys_config";
CREATE TABLE "public"."sys_config" (
                                       "config_id" bigserial,
                                       "config_name" varchar(100) COLLATE "pg_catalog"."default",
                                       "config_key" varchar(100) COLLATE "pg_catalog"."default",
                                       "config_value" varchar(500) COLLATE "pg_catalog"."default",
                                       "config_type" char(1) COLLATE "pg_catalog"."default",
                                       "create_by" varchar(64) COLLATE "pg_catalog"."default",
                                       "create_time" timestamp(6),
                                       "update_by" varchar(64) COLLATE "pg_catalog"."default",
                                       "update_time" timestamp(6),
                                       "remark" varchar(500) COLLATE "pg_catalog"."default"
)
;
COMMENT ON COLUMN "public"."sys_config"."config_id" IS '参数主键';
COMMENT ON COLUMN "public"."sys_config"."config_name" IS '参数名称';
COMMENT ON COLUMN "public"."sys_config"."config_key" IS '参数键名';
COMMENT ON COLUMN "public"."sys_config"."config_value" IS '参数键值';
COMMENT ON COLUMN "public"."sys_config"."config_type" IS '系统内置（Y是 N否）';
COMMENT ON COLUMN "public"."sys_config"."create_by" IS '创建者';
COMMENT ON COLUMN "public"."sys_config"."create_time" IS '创建时间';
COMMENT ON COLUMN "public"."sys_config"."update_by" IS '更新者';
COMMENT ON COLUMN "public"."sys_config"."update_time" IS '更新时间';
COMMENT ON COLUMN "public"."sys_config"."remark" IS '备注';
COMMENT ON TABLE "public"."sys_config" IS '参数配置表';

-- ----------------------------
-- Records of sys_config
-- ----------------------------
INSERT INTO "public"."sys_config" VALUES (1, '主框架页-默认皮肤样式名称', 'sys.index.skinName', 'skin-blue', 'Y', 'admin', '2021-05-26 18:56:31', 'admin', '2021-05-27 09:07:43.532263', '蓝色 skin-blue、绿色 skin-green、紫色 skin-purple、红色 skin-red、黄色 skin-yellow');
INSERT INTO "public"."sys_config" VALUES (2, '用户管理-账号初始密码', 'sys.user.initPassword', '123456', 'Y', 'admin', '2021-05-26 18:56:31', 'admin', '2021-05-27 10:15:52.394492', '初始化密码 123456');
INSERT INTO "public"."sys_config" VALUES (3, '主框架页-侧边栏主题', 'sys.index.sideTheme', 'theme-dark', 'Y', 'admin', '2021-05-26 18:56:31', 'admin', NULL, '深色主题theme-dark，浅色主题theme-light');
insert into "public"."sys_config" VALUES(4, '账号自助-验证码开关',  'sys.account.captchaEnabled', 'true', 'Y', 'admin', current_Timestamp, 'admin', null, '是否开启验证码功能（true开启，false关闭）');
insert into "public"."sys_config" VALUES(5, '账号自助-是否开启用户注册功能', 'sys.account.registerUser', 'false', 'Y', 'admin', current_Timestamp, 'admin', null, '是否开启注册用户功能（true开启，false关闭）');

-- ----------------------------
-- Table structure for sys_dept
-- ----------------------------
DROP TABLE IF EXISTS "public"."sys_dept";
CREATE TABLE "public"."sys_dept" (
                                     "dept_id" bigserial,
                                     "parent_id" int8 default 0,
                                     "ancestors" varchar(50) COLLATE "pg_catalog"."default",
                                     "dept_name" varchar(30) COLLATE "pg_catalog"."default",
                                     "order_num" int4,
                                     "leader" varchar(20) COLLATE "pg_catalog"."default",
                                     "phone" varchar(11) COLLATE "pg_catalog"."default",
                                     "email" varchar(50) COLLATE "pg_catalog"."default",
                                     "status" char(1) COLLATE "pg_catalog"."default",
                                     "del_flag" char(1) COLLATE "pg_catalog"."default" DEFAULT 0,
                                     "create_by" varchar(64) COLLATE "pg_catalog"."default",
                                     "create_time" timestamp(6),
                                     "update_by" varchar(64) COLLATE "pg_catalog"."default",
                                     "update_time" timestamp(6)
)
;
COMMENT ON COLUMN "public"."sys_dept"."dept_id" IS '部门id';
COMMENT ON COLUMN "public"."sys_dept"."parent_id" IS '父部门id';
COMMENT ON COLUMN "public"."sys_dept"."ancestors" IS '祖级列表';
COMMENT ON COLUMN "public"."sys_dept"."dept_name" IS '部门名称';
COMMENT ON COLUMN "public"."sys_dept"."order_num" IS '显示顺序';
COMMENT ON COLUMN "public"."sys_dept"."leader" IS '负责人';
COMMENT ON COLUMN "public"."sys_dept"."phone" IS '联系电话';
COMMENT ON COLUMN "public"."sys_dept"."email" IS '邮箱';
COMMENT ON COLUMN "public"."sys_dept"."status" IS '部门状态（0正常 1停用）';
COMMENT ON COLUMN "public"."sys_dept"."del_flag" IS '删除标志（0代表存在 2代表删除）';
COMMENT ON COLUMN "public"."sys_dept"."create_by" IS '创建者';
COMMENT ON COLUMN "public"."sys_dept"."create_time" IS '创建时间';
COMMENT ON COLUMN "public"."sys_dept"."update_by" IS '更新者';
COMMENT ON COLUMN "public"."sys_dept"."update_time" IS '更新时间';
COMMENT ON TABLE "public"."sys_dept" IS '部门表';

-- ----------------------------
-- Records of sys_dept
-- ----------------------------
INSERT INTO "public"."sys_dept" VALUES (102, 100, '0,100', '长沙分公司', 2, '猫头虎', '15888888888', 'ry@qq.com', '0', '0', 'admin', '2021-05-26 18:56:27', '', NULL);
INSERT INTO "public"."sys_dept" VALUES (104, 101, '0,100,101', '市场部门', 2, '猫头虎', '15888888888', 'ry@qq.com', '0', '0', 'admin', '2021-05-26 18:56:27', '', NULL);
INSERT INTO "public"."sys_dept" VALUES (105, 101, '0,100,101', '测试部门', 3, '猫头虎', '15888888888', 'ry@qq.com', '0', '0', 'admin', '2021-05-26 18:56:27', '', NULL);
INSERT INTO "public"."sys_dept" VALUES (106, 101, '0,100,101', '财务部门', 4, '猫头虎', '15888888888', 'ry@qq.com', '0', '0', 'admin', '2021-05-26 18:56:28', '', NULL);
INSERT INTO "public"."sys_dept" VALUES (107, 101, '0,100,101', '运维部门', 5, '猫头虎', '15888888888', 'ry@qq.com', '0', '0', 'admin', '2021-05-26 18:56:28', '', NULL);
INSERT INTO "public"."sys_dept" VALUES (108, 102, '0,100,102', '市场部门', 1, '猫头虎', '15888888888', 'ry@qq.com', '0', '0', 'admin', '2021-05-26 18:56:28', '', NULL);
INSERT INTO "public"."sys_dept" VALUES (109, 102, '0,100,102', '财务部门', 2, '猫头虎', '15888888888', 'ry@qq.com', '0', '0', 'admin', '2021-05-26 18:56:28', '', NULL);
INSERT INTO "public"."sys_dept" VALUES (103, 101, '0,100,101', '研发部门', 1, '猫头虎', '15888888888', 'ry@qq.com', '0', '0', 'admin', '2021-05-26 18:56:27', 'admin', '2021-05-27 09:05:25.083296');
INSERT INTO "public"."sys_dept" VALUES (101, 100, '0,100', '深圳总公司', 1, '猫头虎', '15888888888', 'ry@qq.com', '0', '0', 'admin', '2021-05-26 18:56:27', 'admin', '2021-05-27 09:05:25.091901');
INSERT INTO "public"."sys_dept" VALUES (100, 0, '0', '若依科技', 0, '猫头虎', '15888888888', 'ry@qq.com', '0', '0', 'admin', '2021-05-26 18:56:27', 'admin', '2021-05-27 10:00:30.143076');

-- ----------------------------
-- Table structure for sys_dict_data
-- ----------------------------
DROP TABLE IF EXISTS "public"."sys_dict_data";
CREATE TABLE "public"."sys_dict_data" (
                                          "dict_code" bigserial,
                                          "dict_sort" int4,
                                          "dict_label" varchar(100) COLLATE "pg_catalog"."default",
                                          "dict_value" varchar(100) COLLATE "pg_catalog"."default",
                                          "dict_type" varchar(100) COLLATE "pg_catalog"."default",
                                          "css_class" varchar(100) COLLATE "pg_catalog"."default",
                                          "list_class" varchar(100) COLLATE "pg_catalog"."default",
                                          "is_default" char(1) COLLATE "pg_catalog"."default",
                                          "status" char(1) COLLATE "pg_catalog"."default",
                                          "create_by" varchar(64) COLLATE "pg_catalog"."default",
                                          "create_time" timestamp(6),
                                          "update_by" varchar(64) COLLATE "pg_catalog"."default",
                                          "update_time" timestamp(6),
                                          "remark" varchar(500) COLLATE "pg_catalog"."default"
)
;
COMMENT ON COLUMN "public"."sys_dict_data"."dict_code" IS '字典编码';
COMMENT ON COLUMN "public"."sys_dict_data"."dict_sort" IS '字典排序';
COMMENT ON COLUMN "public"."sys_dict_data"."dict_label" IS '字典标签';
COMMENT ON COLUMN "public"."sys_dict_data"."dict_value" IS '字典键值';
COMMENT ON COLUMN "public"."sys_dict_data"."dict_type" IS '字典类型';
COMMENT ON COLUMN "public"."sys_dict_data"."css_class" IS '样式属性（其他样式扩展）';
COMMENT ON COLUMN "public"."sys_dict_data"."list_class" IS '表格回显样式';
COMMENT ON COLUMN "public"."sys_dict_data"."is_default" IS '是否默认（Y是 N否）';
COMMENT ON COLUMN "public"."sys_dict_data"."status" IS '状态（0正常 1停用）';
COMMENT ON COLUMN "public"."sys_dict_data"."create_by" IS '创建者';
COMMENT ON COLUMN "public"."sys_dict_data"."create_time" IS '创建时间';
COMMENT ON COLUMN "public"."sys_dict_data"."update_by" IS '更新者';
COMMENT ON COLUMN "public"."sys_dict_data"."update_time" IS '更新时间';
COMMENT ON COLUMN "public"."sys_dict_data"."remark" IS '备注';
COMMENT ON TABLE "public"."sys_dict_data" IS '字典数据表';

-- ----------------------------
-- Records of sys_dict_data
-- ----------------------------
insert into sys_dict_data values(1,  1,  '男',       '0',       'sys_user_sex',        '',   '',        'Y', '0', 'admin', current_timestamp, '', null, '性别男');
insert into sys_dict_data values(2,  2,  '女',       '1',       'sys_user_sex',        '',   '',        'N', '0', 'admin', current_timestamp, '', null, '性别女');
insert into sys_dict_data values(3,  3,  '未知',     '2',       'sys_user_sex',        '',   '',        'N', '0', 'admin', current_timestamp, '', null, '性别未知');
insert into sys_dict_data values(4,  1,  '显示',     '0',       'sys_show_hide',       '',   'primary', 'Y', '0', 'admin', current_timestamp, '', null, '显示菜单');
insert into sys_dict_data values(5,  2,  '隐藏',     '1',       'sys_show_hide',       '',   'danger',  'N', '0', 'admin', current_timestamp, '', null, '隐藏菜单');
insert into sys_dict_data values(6,  1,  '正常',     '0',       'sys_normal_disable',  '',   'primary', 'Y', '0', 'admin', current_timestamp, '', null, '正常状态');
insert into sys_dict_data values(7,  2,  '停用',     '1',       'sys_normal_disable',  '',   'danger',  'N', '0', 'admin', current_timestamp, '', null, '停用状态');
insert into sys_dict_data values(8,  1,  '正常',     '0',       'sys_job_status',      '',   'primary', 'Y', '0', 'admin', current_timestamp, '', null, '正常状态');
insert into sys_dict_data values(9,  2,  '暂停',     '1',       'sys_job_status',      '',   'danger',  'N', '0', 'admin', current_timestamp, '', null, '停用状态');
insert into sys_dict_data values(10, 1,  '默认',     'DEFAULT', 'sys_job_group',       '',   '',        'Y', '0', 'admin', current_timestamp, '', null, '默认分组');
insert into sys_dict_data values(11, 2,  '系统',     'SYSTEM',  'sys_job_group',       '',   '',        'N', '0', 'admin', current_timestamp, '', null, '系统分组');
insert into sys_dict_data values(12, 1,  '是',       'Y',       'sys_yes_no',          '',   'primary', 'Y', '0', 'admin', current_timestamp, '', null, '系统默认是');
insert into sys_dict_data values(13, 2,  '否',       'N',       'sys_yes_no',          '',   'danger',  'N', '0', 'admin', current_timestamp, '', null, '系统默认否');
insert into sys_dict_data values(14, 1,  '通知',     '1',       'sys_notice_type',     '',   'warning', 'Y', '0', 'admin', current_timestamp, '', null, '通知');
insert into sys_dict_data values(15, 2,  '公告',     '2',       'sys_notice_type',     '',   'success', 'N', '0', 'admin', current_timestamp, '', null, '公告');
insert into sys_dict_data values(16, 1,  '正常',     '0',       'sys_notice_status',   '',   'primary', 'Y', '0', 'admin', current_timestamp, '', null, '正常状态');
insert into sys_dict_data values(17, 2,  '关闭',     '1',       'sys_notice_status',   '',   'danger',  'N', '0', 'admin', current_timestamp, '', null, '关闭状态');
insert into sys_dict_data values(18, 1,  '新增',     '1',       'sys_oper_type',       '',   'info',    'N', '0', 'admin', current_timestamp, '', null, '新增操作');
insert into sys_dict_data values(19, 2,  '修改',     '2',       'sys_oper_type',       '',   'info',    'N', '0', 'admin', current_timestamp, '', null, '修改操作');
insert into sys_dict_data values(20, 3,  '删除',     '3',       'sys_oper_type',       '',   'danger',  'N', '0', 'admin', current_timestamp, '', null, '删除操作');
insert into sys_dict_data values(21, 4,  '授权',     '4',       'sys_oper_type',       '',   'primary', 'N', '0', 'admin', current_timestamp, '', null, '授权操作');
insert into sys_dict_data values(22, 5,  '导出',     '5',       'sys_oper_type',       '',   'warning', 'N', '0', 'admin', current_timestamp, '', null, '导出操作');
insert into sys_dict_data values(23, 6,  '导入',     '6',       'sys_oper_type',       '',   'warning', 'N', '0', 'admin', current_timestamp, '', null, '导入操作');
insert into sys_dict_data values(24, 7,  '强退',     '7',       'sys_oper_type',       '',   'danger',  'N', '0', 'admin', current_timestamp, '', null, '强退操作');
insert into sys_dict_data values(25, 8,  '生成代码', '8',       'sys_oper_type',       '',   'warning', 'N', '0', 'admin', current_timestamp, '', null, '生成操作');
insert into sys_dict_data values(26, 9,  '清空数据', '9',       'sys_oper_type',       '',   'danger',  'N', '0', 'admin', current_timestamp, '', null, '清空操作');
insert into sys_dict_data values(27, 1,  '成功',     '0',       'sys_common_status',   '',   'primary', 'N', '0', 'admin', current_timestamp, '', null, '正常状态');
insert into sys_dict_data values(28, 2,  '失败',     '1',       'sys_common_status',   '',   'danger',  'N', '0', 'admin', current_timestamp, '', null, '停用状态');

-- ----------------------------
-- Table structure for sys_dict_type
-- ----------------------------
DROP TABLE IF EXISTS "public"."sys_dict_type";
CREATE TABLE "public"."sys_dict_type" (
                                          "dict_id" bigserial,
                                          "dict_name" varchar(100) COLLATE "pg_catalog"."default",
                                          "dict_type" varchar(100) COLLATE "pg_catalog"."default",
                                          "status" char(1) COLLATE "pg_catalog"."default",
                                          "create_by" varchar(64) COLLATE "pg_catalog"."default",
                                          "create_time" timestamp(6),
                                          "update_by" varchar(64) COLLATE "pg_catalog"."default",
                                          "update_time" timestamp(6),
                                          "remark" varchar(500) COLLATE "pg_catalog"."default"
)
;
COMMENT ON COLUMN "public"."sys_dict_type"."dict_id" IS '字典主键';
COMMENT ON COLUMN "public"."sys_dict_type"."dict_name" IS '字典名称';
COMMENT ON COLUMN "public"."sys_dict_type"."dict_type" IS '字典类型';
COMMENT ON COLUMN "public"."sys_dict_type"."status" IS '状态（0正常 1停用）';
COMMENT ON COLUMN "public"."sys_dict_type"."create_by" IS '创建者';
COMMENT ON COLUMN "public"."sys_dict_type"."create_time" IS '创建时间';
COMMENT ON COLUMN "public"."sys_dict_type"."update_by" IS '更新者';
COMMENT ON COLUMN "public"."sys_dict_type"."update_time" IS '更新时间';
COMMENT ON COLUMN "public"."sys_dict_type"."remark" IS '备注';
COMMENT ON TABLE "public"."sys_dict_type" IS '字典类型表';

-- ----------------------------
-- Records of sys_dict_type
-- ----------------------------
INSERT INTO "public"."sys_dict_type" VALUES (2, '菜单状态', 'sys_show_hide', '0', 'admin', '2021-05-26 18:56:30', '', NULL, '菜单状态列表');
INSERT INTO "public"."sys_dict_type" VALUES (3, '系统开关', 'sys_normal_disable', '0', 'admin', '2021-05-26 18:56:30', '', NULL, '系统开关列表');
INSERT INTO "public"."sys_dict_type" VALUES (4, '任务状态', 'sys_job_status', '0', 'admin', '2021-05-26 18:56:30', '', NULL, '任务状态列表');
INSERT INTO "public"."sys_dict_type" VALUES (5, '任务分组', 'sys_job_group', '0', 'admin', '2021-05-26 18:56:30', '', NULL, '任务分组列表');
INSERT INTO "public"."sys_dict_type" VALUES (6, '系统是否', 'sys_yes_no', '0', 'admin', '2021-05-26 18:56:30', '', NULL, '系统是否列表');
INSERT INTO "public"."sys_dict_type" VALUES (7, '通知类型', 'sys_notice_type', '0', 'admin', '2021-05-26 18:56:30', '', NULL, '通知类型列表');
INSERT INTO "public"."sys_dict_type" VALUES (8, '通知状态', 'sys_notice_status', '0', 'admin', '2021-05-26 18:56:30', '', NULL, '通知状态列表');
INSERT INTO "public"."sys_dict_type" VALUES (9, '操作类型', 'sys_oper_type', '0', 'admin', '2021-05-26 18:56:30', '', NULL, '操作类型列表');
INSERT INTO "public"."sys_dict_type" VALUES (10, '系统状态', 'sys_common_status', '0', 'admin', '2021-05-26 18:56:30', '', NULL, '登录状态列表');
INSERT INTO "public"."sys_dict_type" VALUES (1, '用户性别', 'sys_user_sex', '0', 'admin', '2021-05-26 18:56:30', 'admin', '2021-05-27 10:07:12.015926', '用户性别列表');

-- ----------------------------
-- Table structure for sys_job
-- ----------------------------
DROP TABLE IF EXISTS "public"."sys_job";
CREATE TABLE "public"."sys_job" (
                                    "job_id" bigserial,
                                    "job_name" varchar(64) COLLATE "pg_catalog"."default" NOT NULL,
                                    "job_group" varchar(64) COLLATE "pg_catalog"."default" NOT NULL,
                                    "invoke_target" varchar(500) COLLATE "pg_catalog"."default" NOT NULL,
                                    "cron_expression" varchar(255) COLLATE "pg_catalog"."default",
                                    "misfire_policy" varchar(20) COLLATE "pg_catalog"."default",
                                    "concurrent" char(1) COLLATE "pg_catalog"."default",
                                    "status" char(1) COLLATE "pg_catalog"."default",
                                    "create_by" varchar(64) COLLATE "pg_catalog"."default",
                                    "create_time" timestamp(6),
                                    "update_by" varchar(64) COLLATE "pg_catalog"."default",
                                    "update_time" timestamp(6),
                                    "remark" varchar(500) COLLATE "pg_catalog"."default"
)
;
COMMENT ON COLUMN "public"."sys_job"."job_id" IS '任务ID';
COMMENT ON COLUMN "public"."sys_job"."job_name" IS '任务名称';
COMMENT ON COLUMN "public"."sys_job"."job_group" IS '任务组名';
COMMENT ON COLUMN "public"."sys_job"."invoke_target" IS '调用目标字符串';
COMMENT ON COLUMN "public"."sys_job"."cron_expression" IS 'cron执行表达式';
COMMENT ON COLUMN "public"."sys_job"."misfire_policy" IS '计划执行错误策略（1立即执行 2执行一次 3放弃执行）';
COMMENT ON COLUMN "public"."sys_job"."concurrent" IS '是否并发执行（0允许 1禁止）';
COMMENT ON COLUMN "public"."sys_job"."status" IS '状态（0正常 1暂停）';
COMMENT ON COLUMN "public"."sys_job"."create_by" IS '创建者';
COMMENT ON COLUMN "public"."sys_job"."create_time" IS '创建时间';
COMMENT ON COLUMN "public"."sys_job"."update_by" IS '更新者';
COMMENT ON COLUMN "public"."sys_job"."update_time" IS '更新时间';
COMMENT ON COLUMN "public"."sys_job"."remark" IS '备注信息';
COMMENT ON TABLE "public"."sys_job" IS '定时任务调度表';

-- ----------------------------
-- Records of sys_job
-- ----------------------------
INSERT INTO "public"."sys_job" VALUES (1, '系统默认（无参）', 'DEFAULT', 'ryTask.ryNoParams', '0/10 * * * * ?', '3', '1', '1', 'admin', '2021-05-26 18:56:31', '', NULL, '');
INSERT INTO "public"."sys_job" VALUES (2, '系统默认（有参）', 'DEFAULT', 'ryTask.ryParams(''ry'')', '0/15 * * * * ?', '3', '1', '1', 'admin', '2021-05-26 18:56:31', '', NULL, '');
INSERT INTO "public"."sys_job" VALUES (3, '系统默认（多参）', 'DEFAULT', 'ryTask.ryMultipleParams(''ry'', true, 2000L, 316.50D, 100)', '0/20 * * * * ?', '3', '1', '1', 'admin', '2021-05-26 18:56:31', '', NULL, '');

-- ----------------------------
-- Table structure for sys_job_log
-- ----------------------------
DROP TABLE IF EXISTS "public"."sys_job_log";
CREATE TABLE "public"."sys_job_log" (
                                        "job_log_id" bigserial,
                                        "job_name" varchar(64) COLLATE "pg_catalog"."default" NOT NULL,
                                        "job_group" varchar(64) COLLATE "pg_catalog"."default" NOT NULL,
                                        "invoke_target" varchar(500) COLLATE "pg_catalog"."default" NOT NULL,
                                        "job_message" varchar(500) COLLATE "pg_catalog"."default",
                                        "status" char(1) COLLATE "pg_catalog"."default",
                                        "exception_info" varchar(2000) COLLATE "pg_catalog"."default",
                                        "create_time" timestamp(6)
)
;
COMMENT ON COLUMN "public"."sys_job_log"."job_log_id" IS '任务日志ID';
COMMENT ON COLUMN "public"."sys_job_log"."job_name" IS '任务名称';
COMMENT ON COLUMN "public"."sys_job_log"."job_group" IS '任务组名';
COMMENT ON COLUMN "public"."sys_job_log"."invoke_target" IS '调用目标字符串';
COMMENT ON COLUMN "public"."sys_job_log"."job_message" IS '日志信息';
COMMENT ON COLUMN "public"."sys_job_log"."status" IS '执行状态（0正常 1失败）';
COMMENT ON COLUMN "public"."sys_job_log"."exception_info" IS '异常信息';
COMMENT ON COLUMN "public"."sys_job_log"."create_time" IS '创建时间';
COMMENT ON TABLE "public"."sys_job_log" IS '定时任务调度日志表';

-- ----------------------------
-- Records of sys_job_log
-- ----------------------------

-- ----------------------------
-- Table structure for sys_logininfor
-- ----------------------------
DROP TABLE IF EXISTS "public"."sys_logininfor";
CREATE TABLE "public"."sys_logininfor" (
                                           "info_id" bigserial,
                                           "user_name" varchar(50) COLLATE "pg_catalog"."default",
                                           "ipaddr" varchar(128) COLLATE "pg_catalog"."default",
                                           "login_location" varchar(255) COLLATE "pg_catalog"."default",
                                           "browser" varchar(50) COLLATE "pg_catalog"."default",
                                           "os" varchar(50) COLLATE "pg_catalog"."default",
                                           "status" char(1) COLLATE "pg_catalog"."default",
                                           "msg" varchar(255) COLLATE "pg_catalog"."default",
                                           "login_time" timestamp(6)
)
;
COMMENT ON COLUMN "public"."sys_logininfor"."info_id" IS '访问ID';
COMMENT ON COLUMN "public"."sys_logininfor"."user_name" IS '用户账号';
COMMENT ON COLUMN "public"."sys_logininfor"."ipaddr" IS '登录IP地址';
COMMENT ON COLUMN "public"."sys_logininfor"."login_location" IS '登录地点';
COMMENT ON COLUMN "public"."sys_logininfor"."browser" IS '浏览器类型';
COMMENT ON COLUMN "public"."sys_logininfor"."os" IS '操作系统';
COMMENT ON COLUMN "public"."sys_logininfor"."status" IS '登录状态（0成功 1失败）';
COMMENT ON COLUMN "public"."sys_logininfor"."msg" IS '提示消息';
COMMENT ON COLUMN "public"."sys_logininfor"."login_time" IS '访问时间';
COMMENT ON TABLE "public"."sys_logininfor" IS '系统访问记录';

-- ----------------------------
-- Records of sys_logininfor
-- ----------------------------
DROP TABLE IF EXISTS "public"."sys_menu";
CREATE TABLE "public"."sys_menu" (
                                     "menu_id" bigserial,
                                     "menu_name" varchar(50) COLLATE "pg_catalog"."default" NOT NULL,
                                     "parent_id" int8 default 0,
                                     "order_num" int4,
                                     "path" varchar(200) COLLATE "pg_catalog"."default",
                                     "component" varchar(255) COLLATE "pg_catalog"."default",
                                     "query" varchar(255) COLLATE "pg_catalog"."default",
                                     route_name        varchar(50)     default '',
                                     "is_frame" int4,
                                     "is_cache" int4 default 0,
                                     "menu_type" char(1) COLLATE "pg_catalog"."default",
                                     "visible" char(1) COLLATE "pg_catalog"."default",
                                     "status" int2,
                                     "perms" varchar(100) COLLATE "pg_catalog"."default",
                                     "icon" varchar(100) COLLATE "pg_catalog"."default",
                                     "create_by" varchar(64) COLLATE "pg_catalog"."default",
                                     "create_time" timestamp(6),
                                     "update_by" varchar(64) COLLATE "pg_catalog"."default",
                                     "update_time" timestamp(6),
                                     "remark" varchar(500) COLLATE "pg_catalog"."default"
)
;
COMMENT ON COLUMN "public"."sys_menu"."menu_id" IS '菜单ID';
COMMENT ON COLUMN "public"."sys_menu"."menu_name" IS '菜单名称';
COMMENT ON COLUMN "public"."sys_menu"."parent_id" IS '父菜单ID';
COMMENT ON COLUMN "public"."sys_menu"."order_num" IS '显示顺序';
COMMENT ON COLUMN "public"."sys_menu"."path" IS '路由地址';
COMMENT ON COLUMN "public"."sys_menu"."component" IS '组件路径';
COMMENT ON COLUMN "public"."sys_menu"."query" IS '路由参数';
COMMENT ON COLUMN "public"."sys_menu"."route_name" IS '路由名称';
COMMENT ON COLUMN "public"."sys_menu"."is_frame" IS '是否为外链（0是 1否）';
COMMENT ON COLUMN "public"."sys_menu"."is_cache" IS '是否缓存（0缓存 1不缓存）';
COMMENT ON COLUMN "public"."sys_menu"."menu_type" IS '菜单类型（M目录 C菜单 F按钮）';
COMMENT ON COLUMN "public"."sys_menu"."visible" IS '菜单状态（0显示 1隐藏）';
COMMENT ON COLUMN "public"."sys_menu"."status" IS '菜单状态（0正常 1停用）';
COMMENT ON COLUMN "public"."sys_menu"."perms" IS '权限标识';
COMMENT ON COLUMN "public"."sys_menu"."icon" IS '菜单图标';
COMMENT ON COLUMN "public"."sys_menu"."create_by" IS '创建者';
COMMENT ON COLUMN "public"."sys_menu"."create_time" IS '创建时间';
COMMENT ON COLUMN "public"."sys_menu"."update_by" IS '更新者';
COMMENT ON COLUMN "public"."sys_menu"."update_time" IS '更新时间';
COMMENT ON COLUMN "public"."sys_menu"."remark" IS '备注';
COMMENT ON TABLE "public"."sys_menu" IS '菜单权限表';

-- ----------------------------
-- 初始化-菜单信息表数据
-- ----------------------------
-- 一级菜单
insert into sys_menu values('1', '系统管理', '0', '1', 'system',           null, '', '', 1, 0, 'M', '0', '0', '', 'system',   'admin', current_timestamp, '', null, '系统管理目录');
insert into sys_menu values('2', '系统监控', '0', '2', 'monitor',          null, '', '', 1, 0, 'M', '0', '0', '', 'monitor',  'admin', current_timestamp, '', null, '系统监控目录');
insert into sys_menu values('3', '系统工具', '0', '3', 'tool',             null, '', '', 1, 0, 'M', '0', '0', '', 'tool',     'admin', current_timestamp, '', null, '系统工具目录');
insert into sys_menu values('4', '若依官网', '0', '4', 'http://ruoyi.vip', null, '', '', 0, 0, 'M', '0', '0', '', 'guide',    'admin', current_timestamp, '', null, '若依官网地址');
-- 二级菜单
insert into sys_menu values('100',  '用户管理', '1',   '1', 'user',       'system/user/index',        '', '', 1, 0, 'C', '0', '0', 'system:user:list',        'user',          'admin', current_timestamp, '', null, '用户管理菜单');
insert into sys_menu values('101',  '角色管理', '1',   '2', 'role',       'system/role/index',        '', '', 1, 0, 'C', '0', '0', 'system:role:list',        'peoples',       'admin', current_timestamp, '', null, '角色管理菜单');
insert into sys_menu values('102',  '菜单管理', '1',   '3', 'menu',       'system/menu/index',        '', '', 1, 0, 'C', '0', '0', 'system:menu:list',        'tree-table',    'admin', current_timestamp, '', null, '菜单管理菜单');
insert into sys_menu values('103',  '部门管理', '1',   '4', 'dept',       'system/dept/index',        '', '', 1, 0, 'C', '0', '0', 'system:dept:list',        'tree',          'admin', current_timestamp, '', null, '部门管理菜单');
insert into sys_menu values('104',  '岗位管理', '1',   '5', 'post',       'system/post/index',        '', '', 1, 0, 'C', '0', '0', 'system:post:list',        'post',          'admin', current_timestamp, '', null, '岗位管理菜单');
insert into sys_menu values('105',  '字典管理', '1',   '6', 'dict',       'system/dict/index',        '', '', 1, 0, 'C', '0', '0', 'system:dict:list',        'dict',          'admin', current_timestamp, '', null, '字典管理菜单');
insert into sys_menu values('106',  '参数设置', '1',   '7', 'config',     'system/config/index',      '', '', 1, 0, 'C', '0', '0', 'system:config:list',      'edit',          'admin', current_timestamp, '', null, '参数设置菜单');
insert into sys_menu values('107',  '通知公告', '1',   '8', 'notice',     'system/notice/index',      '', '', 1, 0, 'C', '0', '0', 'system:notice:list',      'message',       'admin', current_timestamp, '', null, '通知公告菜单');
insert into sys_menu values('108',  '日志管理', '1',   '9', 'log',        '',                         '', '', 1, 0, 'M', '0', '0', '',                        'log',           'admin', current_timestamp, '', null, '日志管理菜单');
insert into sys_menu values('109',  '在线用户', '2',   '1', 'online',     'monitor/online/index',     '', '', 1, 0, 'C', '0', '0', 'monitor:online:list',     'online',        'admin', current_timestamp, '', null, '在线用户菜单');
insert into sys_menu values('110',  '定时任务', '2',   '2', 'job',        'monitor/job/index',        '', '', 1, 0, 'C', '0', '0', 'monitor:job:list',        'job',           'admin', current_timestamp, '', null, '定时任务菜单');
insert into sys_menu values('111',  '数据监控', '2',   '3', 'druid',      'monitor/druid/index',      '', '', 1, 0, 'C', '0', '0', 'monitor:druid:list',      'druid',         'admin', current_timestamp, '', null, '数据监控菜单');
insert into sys_menu values('112',  '服务监控', '2',   '4', 'server',     'monitor/server/index',     '', '', 1, 0, 'C', '0', '0', 'monitor:server:list',     'server',        'admin', current_timestamp, '', null, '服务监控菜单');
insert into sys_menu values('113',  '缓存监控', '2',   '5', 'cache',      'monitor/cache/index',      '', '', 1, 0, 'C', '0', '0', 'monitor:cache:list',      'redis',         'admin', current_timestamp, '', null, '缓存监控菜单');
insert into sys_menu values('114',  '缓存列表', '2',   '6', 'cacheList',  'monitor/cache/list',       '', '', 1, 0, 'C', '0', '0', 'monitor:cache:list',      'redis-list',    'admin', current_timestamp, '', null, '缓存列表菜单');
insert into sys_menu values('115',  '表单构建', '3',   '1', 'build',      'tool/build/index',         '', '', 1, 0, 'C', '0', '0', 'tool:build:list',         'build',         'admin', current_timestamp, '', null, '表单构建菜单');
insert into sys_menu values('116',  '代码生成', '3',   '2', 'gen',        'tool/gen/index',           '', '', 1, 0, 'C', '0', '0', 'tool:gen:list',           'code',          'admin', current_timestamp, '', null, '代码生成菜单');
insert into sys_menu values('117',  '系统接口', '3',   '3', 'swagger',    'tool/swagger/index',       '', '', 1, 0, 'C', '0', '0', 'tool:swagger:list',       'swagger',       'admin', current_timestamp, '', null, '系统接口菜单');
-- 三级菜单
insert into sys_menu values('500',  '操作日志', '108', '1', 'operlog',    'monitor/operlog/index',    '', '', 1, 0, 'C', '0', '0', 'monitor:operlog:list',    'form',          'admin', current_timestamp, '', null, '操作日志菜单');
insert into sys_menu values('501',  '登录日志', '108', '2', 'logininfor', 'monitor/logininfor/index', '', '', 1, 0, 'C', '0', '0', 'monitor:logininfor:list', 'logininfor',    'admin', current_timestamp, '', null, '登录日志菜单');
-- 用户管理按钮
insert into sys_menu values('1000', '用户查询', '100', '1',  '', '', '', '', 1, 0, 'F', '0', '0', 'system:user:query',          '#', 'admin', current_timestamp, '', null, '');
insert into sys_menu values('1001', '用户新增', '100', '2',  '', '', '', '', 1, 0, 'F', '0', '0', 'system:user:add',            '#', 'admin', current_timestamp, '', null, '');
insert into sys_menu values('1002', '用户修改', '100', '3',  '', '', '', '', 1, 0, 'F', '0', '0', 'system:user:edit',           '#', 'admin', current_timestamp, '', null, '');
insert into sys_menu values('1003', '用户删除', '100', '4',  '', '', '', '', 1, 0, 'F', '0', '0', 'system:user:remove',         '#', 'admin', current_timestamp, '', null, '');
insert into sys_menu values('1004', '用户导出', '100', '5',  '', '', '', '', 1, 0, 'F', '0', '0', 'system:user:export',         '#', 'admin', current_timestamp, '', null, '');
insert into sys_menu values('1005', '用户导入', '100', '6',  '', '', '', '', 1, 0, 'F', '0', '0', 'system:user:import',         '#', 'admin', current_timestamp, '', null, '');
insert into sys_menu values('1006', '重置密码', '100', '7',  '', '', '', '', 1, 0, 'F', '0', '0', 'system:user:resetPwd',       '#', 'admin', current_timestamp, '', null, '');
-- 角色管理按钮
insert into sys_menu values('1007', '角色查询', '101', '1',  '', '', '', '', 1, 0, 'F', '0', '0', 'system:role:query',          '#', 'admin', current_timestamp, '', null, '');
insert into sys_menu values('1008', '角色新增', '101', '2',  '', '', '', '', 1, 0, 'F', '0', '0', 'system:role:add',            '#', 'admin', current_timestamp, '', null, '');
insert into sys_menu values('1009', '角色修改', '101', '3',  '', '', '', '', 1, 0, 'F', '0', '0', 'system:role:edit',           '#', 'admin', current_timestamp, '', null, '');
insert into sys_menu values('1010', '角色删除', '101', '4',  '', '', '', '', 1, 0, 'F', '0', '0', 'system:role:remove',         '#', 'admin', current_timestamp, '', null, '');
insert into sys_menu values('1011', '角色导出', '101', '5',  '', '', '', '', 1, 0, 'F', '0', '0', 'system:role:export',         '#', 'admin', current_timestamp, '', null, '');
-- 菜单管理按钮
insert into sys_menu values('1012', '菜单查询', '102', '1',  '', '', '', '', 1, 0, 'F', '0', '0', 'system:menu:query',          '#', 'admin', current_timestamp, '', null, '');
insert into sys_menu values('1013', '菜单新增', '102', '2',  '', '', '', '', 1, 0, 'F', '0', '0', 'system:menu:add',            '#', 'admin', current_timestamp, '', null, '');
insert into sys_menu values('1014', '菜单修改', '102', '3',  '', '', '', '', 1, 0, 'F', '0', '0', 'system:menu:edit',           '#', 'admin', current_timestamp, '', null, '');
insert into sys_menu values('1015', '菜单删除', '102', '4',  '', '', '', '', 1, 0, 'F', '0', '0', 'system:menu:remove',         '#', 'admin', current_timestamp, '', null, '');
-- 部门管理按钮
insert into sys_menu values('1016', '部门查询', '103', '1',  '', '', '', '', 1, 0, 'F', '0', '0', 'system:dept:query',          '#', 'admin', current_timestamp, '', null, '');
insert into sys_menu values('1017', '部门新增', '103', '2',  '', '', '', '', 1, 0, 'F', '0', '0', 'system:dept:add',            '#', 'admin', current_timestamp, '', null, '');
insert into sys_menu values('1018', '部门修改', '103', '3',  '', '', '', '', 1, 0, 'F', '0', '0', 'system:dept:edit',           '#', 'admin', current_timestamp, '', null, '');
insert into sys_menu values('1019', '部门删除', '103', '4',  '', '', '', '', 1, 0, 'F', '0', '0', 'system:dept:remove',         '#', 'admin', current_timestamp, '', null, '');
-- 岗位管理按钮
insert into sys_menu values('1020', '岗位查询', '104', '1',  '', '', '', '', 1, 0, 'F', '0', '0', 'system:post:query',          '#', 'admin', current_timestamp, '', null, '');
insert into sys_menu values('1021', '岗位新增', '104', '2',  '', '', '', '', 1, 0, 'F', '0', '0', 'system:post:add',            '#', 'admin', current_timestamp, '', null, '');
insert into sys_menu values('1022', '岗位修改', '104', '3',  '', '', '', '', 1, 0, 'F', '0', '0', 'system:post:edit',           '#', 'admin', current_timestamp, '', null, '');
insert into sys_menu values('1023', '岗位删除', '104', '4',  '', '', '', '', 1, 0, 'F', '0', '0', 'system:post:remove',         '#', 'admin', current_timestamp, '', null, '');
insert into sys_menu values('1024', '岗位导出', '104', '5',  '', '', '', '', 1, 0, 'F', '0', '0', 'system:post:export',         '#', 'admin', current_timestamp, '', null, '');
-- 字典管理按钮
insert into sys_menu values('1025', '字典查询', '105', '1', '#', '', '', '', 1, 0, 'F', '0', '0', 'system:dict:query',          '#', 'admin', current_timestamp, '', null, '');
insert into sys_menu values('1026', '字典新增', '105', '2', '#', '', '', '', 1, 0, 'F', '0', '0', 'system:dict:add',            '#', 'admin', current_timestamp, '', null, '');
insert into sys_menu values('1027', '字典修改', '105', '3', '#', '', '', '', 1, 0, 'F', '0', '0', 'system:dict:edit',           '#', 'admin', current_timestamp, '', null, '');
insert into sys_menu values('1028', '字典删除', '105', '4', '#', '', '', '', 1, 0, 'F', '0', '0', 'system:dict:remove',         '#', 'admin', current_timestamp, '', null, '');
insert into sys_menu values('1029', '字典导出', '105', '5', '#', '', '', '', 1, 0, 'F', '0', '0', 'system:dict:export',         '#', 'admin', current_timestamp, '', null, '');
-- 参数设置按钮
insert into sys_menu values('1030', '参数查询', '106', '1', '#', '', '', '', 1, 0, 'F', '0', '0', 'system:config:query',        '#', 'admin', current_timestamp, '', null, '');
insert into sys_menu values('1031', '参数新增', '106', '2', '#', '', '', '', 1, 0, 'F', '0', '0', 'system:config:add',          '#', 'admin', current_timestamp, '', null, '');
insert into sys_menu values('1032', '参数修改', '106', '3', '#', '', '', '', 1, 0, 'F', '0', '0', 'system:config:edit',         '#', 'admin', current_timestamp, '', null, '');
insert into sys_menu values('1033', '参数删除', '106', '4', '#', '', '', '', 1, 0, 'F', '0', '0', 'system:config:remove',       '#', 'admin', current_timestamp, '', null, '');
insert into sys_menu values('1034', '参数导出', '106', '5', '#', '', '', '', 1, 0, 'F', '0', '0', 'system:config:export',       '#', 'admin', current_timestamp, '', null, '');
-- 通知公告按钮
insert into sys_menu values('1035', '公告查询', '107', '1', '#', '', '', '', 1, 0, 'F', '0', '0', 'system:notice:query',        '#', 'admin', current_timestamp, '', null, '');
insert into sys_menu values('1036', '公告新增', '107', '2', '#', '', '', '', 1, 0, 'F', '0', '0', 'system:notice:add',          '#', 'admin', current_timestamp, '', null, '');
insert into sys_menu values('1037', '公告修改', '107', '3', '#', '', '', '', 1, 0, 'F', '0', '0', 'system:notice:edit',         '#', 'admin', current_timestamp, '', null, '');
insert into sys_menu values('1038', '公告删除', '107', '4', '#', '', '', '', 1, 0, 'F', '0', '0', 'system:notice:remove',       '#', 'admin', current_timestamp, '', null, '');
-- 操作日志按钮
insert into sys_menu values('1039', '操作查询', '500', '1', '#', '', '', '', 1, 0, 'F', '0', '0', 'monitor:operlog:query',      '#', 'admin', current_timestamp, '', null, '');
insert into sys_menu values('1040', '操作删除', '500', '2', '#', '', '', '', 1, 0, 'F', '0', '0', 'monitor:operlog:remove',     '#', 'admin', current_timestamp, '', null, '');
insert into sys_menu values('1041', '日志导出', '500', '3', '#', '', '', '', 1, 0, 'F', '0', '0', 'monitor:operlog:export',     '#', 'admin', current_timestamp, '', null, '');
-- 登录日志按钮
insert into sys_menu values('1042', '登录查询', '501', '1', '#', '', '', '', 1, 0, 'F', '0', '0', 'monitor:logininfor:query',   '#', 'admin', current_timestamp, '', null, '');
insert into sys_menu values('1043', '登录删除', '501', '2', '#', '', '', '', 1, 0, 'F', '0', '0', 'monitor:logininfor:remove',  '#', 'admin', current_timestamp, '', null, '');
insert into sys_menu values('1044', '日志导出', '501', '3', '#', '', '', '', 1, 0, 'F', '0', '0', 'monitor:logininfor:export',  '#', 'admin', current_timestamp, '', null, '');
insert into sys_menu values('1045', '账户解锁', '501', '4', '#', '', '', '', 1, 0, 'F', '0', '0', 'monitor:logininfor:unlock',  '#', 'admin', current_timestamp, '', null, '');
-- 在线用户按钮
insert into sys_menu values('1046', '在线查询', '109', '1', '#', '', '', '', 1, 0, 'F', '0', '0', 'monitor:online:query',       '#', 'admin', current_timestamp, '', null, '');
insert into sys_menu values('1047', '批量强退', '109', '2', '#', '', '', '', 1, 0, 'F', '0', '0', 'monitor:online:batchLogout', '#', 'admin', current_timestamp, '', null, '');
insert into sys_menu values('1048', '单条强退', '109', '3', '#', '', '', '', 1, 0, 'F', '0', '0', 'monitor:online:forceLogout', '#', 'admin', current_timestamp, '', null, '');
-- 定时任务按钮
insert into sys_menu values('1049', '任务查询', '110', '1', '#', '', '', '', 1, 0, 'F', '0', '0', 'monitor:job:query',          '#', 'admin', current_timestamp, '', null, '');
insert into sys_menu values('1050', '任务新增', '110', '2', '#', '', '', '', 1, 0, 'F', '0', '0', 'monitor:job:add',            '#', 'admin', current_timestamp, '', null, '');
insert into sys_menu values('1051', '任务修改', '110', '3', '#', '', '', '', 1, 0, 'F', '0', '0', 'monitor:job:edit',           '#', 'admin', current_timestamp, '', null, '');
insert into sys_menu values('1052', '任务删除', '110', '4', '#', '', '', '', 1, 0, 'F', '0', '0', 'monitor:job:remove',         '#', 'admin', current_timestamp, '', null, '');
insert into sys_menu values('1053', '状态修改', '110', '5', '#', '', '', '', 1, 0, 'F', '0', '0', 'monitor:job:changeStatus',   '#', 'admin', current_timestamp, '', null, '');
insert into sys_menu values('1054', '任务导出', '110', '6', '#', '', '', '', 1, 0, 'F', '0', '0', 'monitor:job:export',         '#', 'admin', current_timestamp, '', null, '');
-- 代码生成按钮
insert into sys_menu values('1055', '生成查询', '116', '1', '#', '', '', '', 1, 0, 'F', '0', '0', 'tool:gen:query',             '#', 'admin', current_timestamp, '', null, '');
insert into sys_menu values('1056', '生成修改', '116', '2', '#', '', '', '', 1, 0, 'F', '0', '0', 'tool:gen:edit',              '#', 'admin', current_timestamp, '', null, '');
insert into sys_menu values('1057', '生成删除', '116', '3', '#', '', '', '', 1, 0, 'F', '0', '0', 'tool:gen:remove',            '#', 'admin', current_timestamp, '', null, '');
insert into sys_menu values('1058', '导入代码', '116', '4', '#', '', '', '', 1, 0, 'F', '0', '0', 'tool:gen:import',            '#', 'admin', current_timestamp, '', null, '');
insert into sys_menu values('1059', '预览代码', '116', '5', '#', '', '', '', 1, 0, 'F', '0', '0', 'tool:gen:preview',           '#', 'admin', current_timestamp, '', null, '');
insert into sys_menu values('1060', '生成代码', '116', '6', '#', '', '', '', 1, 0, 'F', '0', '0', 'tool:gen:code',              '#', 'admin', current_timestamp, '', null, '');

-- ----------------------------
-- Table structure for sys_notice
-- ----------------------------
DROP TABLE IF EXISTS "public"."sys_notice";
CREATE TABLE "public"."sys_notice" (
                                       "notice_id" bigserial,
                                       "notice_title" varchar(50) COLLATE "pg_catalog"."default" NOT NULL,
                                       "notice_type" char(1) COLLATE "pg_catalog"."default" NOT NULL,
                                       "notice_content" text COLLATE "pg_catalog"."default",
                                       "status" char(1) COLLATE "pg_catalog"."default",
                                       "create_by" varchar(64) COLLATE "pg_catalog"."default",
                                       "create_time" timestamp(6),
                                       "update_by" varchar(64) COLLATE "pg_catalog"."default",
                                       "update_time" timestamp(6),
                                       "remark" varchar(255) COLLATE "pg_catalog"."default"
)
;
COMMENT ON COLUMN "public"."sys_notice"."notice_id" IS '公告ID';
COMMENT ON COLUMN "public"."sys_notice"."notice_title" IS '公告标题';
COMMENT ON COLUMN "public"."sys_notice"."notice_type" IS '公告类型（1通知 2公告）';
COMMENT ON COLUMN "public"."sys_notice"."notice_content" IS '公告内容';
COMMENT ON COLUMN "public"."sys_notice"."status" IS '公告状态（0正常 1关闭）';
COMMENT ON COLUMN "public"."sys_notice"."create_by" IS '创建者';
COMMENT ON COLUMN "public"."sys_notice"."create_time" IS '创建时间';
COMMENT ON COLUMN "public"."sys_notice"."update_by" IS '更新者';
COMMENT ON COLUMN "public"."sys_notice"."update_time" IS '更新时间';
COMMENT ON COLUMN "public"."sys_notice"."remark" IS '备注';
COMMENT ON TABLE "public"."sys_notice" IS '通知公告表';

-- ----------------------------
-- Records of sys_notice
-- ----------------------------
INSERT INTO "public"."sys_notice" VALUES (2, '维护通知：2018-07-01 若依系统凌晨维护', '1', '\xe7bbb4e68aa4e58685e5aeb9', '0', 'admin', '2021-05-26 18:56:31', '', NULL, '管理员');
INSERT INTO "public"."sys_notice" VALUES (1, '温馨提醒：2018-07-01 若依新版本发布啦', '2', '\', '0', 'admin', '2021-05-26 18:56:31', 'admin', '2021-05-27 09:08:41.403262', '管理员');

-- ----------------------------
-- Table structure for sys_oper_log
-- ----------------------------
DROP TABLE IF EXISTS "public"."sys_oper_log";
CREATE TABLE "public"."sys_oper_log" (
                                         "oper_id" bigserial,
                                         "title" varchar(50) COLLATE "pg_catalog"."default",
                                         "business_type" int4,
                                         "method" varchar(100) COLLATE "pg_catalog"."default",
                                         "request_method" varchar(10) COLLATE "pg_catalog"."default",
                                         "operator_type" int4,
                                         "oper_name" varchar(50) COLLATE "pg_catalog"."default",
                                         "dept_name" varchar(50) COLLATE "pg_catalog"."default",
                                         "oper_url" varchar(255) COLLATE "pg_catalog"."default",
                                         "oper_ip" varchar(128) COLLATE "pg_catalog"."default",
                                         "oper_location" varchar(255) COLLATE "pg_catalog"."default",
                                         "oper_param" varchar(2000) COLLATE "pg_catalog"."default",
                                         "json_result" varchar(2000) COLLATE "pg_catalog"."default",
                                         "status" int4,
                                         "error_msg" varchar(2000) COLLATE "pg_catalog"."default",
                                         "oper_time" timestamp(6),
                                         cost_time    int8      default 0
)
;
COMMENT ON COLUMN "public"."sys_oper_log"."oper_id" IS '日志主键';
COMMENT ON COLUMN "public"."sys_oper_log"."title" IS '模块标题';
COMMENT ON COLUMN "public"."sys_oper_log"."business_type" IS '业务类型（0其它 1新增 2修改 3删除）';
COMMENT ON COLUMN "public"."sys_oper_log"."method" IS '方法名称';
COMMENT ON COLUMN "public"."sys_oper_log"."request_method" IS '请求方式';
COMMENT ON COLUMN "public"."sys_oper_log"."operator_type" IS '操作类别（0其它 1后台用户 2手机端用户）';
COMMENT ON COLUMN "public"."sys_oper_log"."oper_name" IS '操作人员';
COMMENT ON COLUMN "public"."sys_oper_log"."dept_name" IS '部门名称';
COMMENT ON COLUMN "public"."sys_oper_log"."oper_url" IS '请求URL';
COMMENT ON COLUMN "public"."sys_oper_log"."oper_ip" IS '主机地址';
COMMENT ON COLUMN "public"."sys_oper_log"."oper_location" IS '操作地点';
COMMENT ON COLUMN "public"."sys_oper_log"."oper_param" IS '请求参数';
COMMENT ON COLUMN "public"."sys_oper_log"."json_result" IS '返回参数';
COMMENT ON COLUMN "public"."sys_oper_log"."status" IS '操作状态（0正常 1异常）';
COMMENT ON COLUMN "public"."sys_oper_log"."error_msg" IS '错误消息';
COMMENT ON COLUMN "public"."sys_oper_log"."oper_time" IS '操作时间';
COMMENT ON TABLE "public"."sys_oper_log" IS '操作日志记录';

-- ----------------------------
-- Table structure for sys_post
-- ----------------------------
DROP TABLE IF EXISTS "public"."sys_post";
CREATE TABLE "public"."sys_post" (
                                     "post_id" bigserial,
                                     "post_code" varchar(64) COLLATE "pg_catalog"."default" NOT NULL,
                                     "post_name" varchar(50) COLLATE "pg_catalog"."default" NOT NULL,
                                     "post_sort" int4 NOT NULL,
                                     "status" char(1) COLLATE "pg_catalog"."default" NOT NULL,
                                     "create_by" varchar(64) COLLATE "pg_catalog"."default",
                                     "create_time" timestamp(6),
                                     "update_by" varchar(64) COLLATE "pg_catalog"."default",
                                     "update_time" timestamp(6),
                                     "remark" varchar(500) COLLATE "pg_catalog"."default"
)
;
COMMENT ON COLUMN "public"."sys_post"."post_id" IS '岗位ID';
COMMENT ON COLUMN "public"."sys_post"."post_code" IS '岗位编码';
COMMENT ON COLUMN "public"."sys_post"."post_name" IS '岗位名称';
COMMENT ON COLUMN "public"."sys_post"."post_sort" IS '显示顺序';
COMMENT ON COLUMN "public"."sys_post"."status" IS '状态（0正常 1停用）';
COMMENT ON COLUMN "public"."sys_post"."create_by" IS '创建者';
COMMENT ON COLUMN "public"."sys_post"."create_time" IS '创建时间';
COMMENT ON COLUMN "public"."sys_post"."update_by" IS '更新者';
COMMENT ON COLUMN "public"."sys_post"."update_time" IS '更新时间';
COMMENT ON COLUMN "public"."sys_post"."remark" IS '备注';
COMMENT ON TABLE "public"."sys_post" IS '岗位信息表';

-- ----------------------------
-- Records of sys_post
-- ----------------------------
INSERT INTO "public"."sys_post" VALUES (2, 'se', '项目经理', 2, '0', 'admin', '2021-05-26 18:56:28', '', NULL, '');
INSERT INTO "public"."sys_post" VALUES (3, 'hr', '人力资源', 3, '0', 'admin', '2021-05-26 18:56:28', '', NULL, '');
INSERT INTO "public"."sys_post" VALUES (4, 'user', '普通员工', 4, '0', 'admin', '2021-05-26 18:56:28', '', NULL, '');
INSERT INTO "public"."sys_post" VALUES (1, 'ceo', '董事长', 1, '0', 'admin', '2021-05-26 18:56:28', 'admin', '2021-05-27 09:07:17.160973', '');

-- ----------------------------
-- Table structure for sys_role
-- ----------------------------
DROP TABLE IF EXISTS "public"."sys_role";
CREATE TABLE "public"."sys_role" (
                                     "role_id" bigserial,
                                     "role_name" varchar(30) COLLATE "pg_catalog"."default" NOT NULL,
                                     "role_key" varchar(100) COLLATE "pg_catalog"."default" NOT NULL,
                                     "role_sort" int4 NOT NULL,
                                     "data_scope" char(1) COLLATE "pg_catalog"."default",
                                     "menu_check_strictly" bool,
                                     "dept_check_strictly" bool,
                                     "status" char(1) COLLATE "pg_catalog"."default" NOT NULL,
                                     "del_flag" char(1) COLLATE "pg_catalog"."default" DEFAULT 0,
                                     "create_by" varchar(64) COLLATE "pg_catalog"."default",
                                     "create_time" timestamp(6),
                                     "update_by" varchar(64) COLLATE "pg_catalog"."default",
                                     "update_time" timestamp(6),
                                     "remark" varchar(500) COLLATE "pg_catalog"."default"
)
;
COMMENT ON COLUMN "public"."sys_role"."role_id" IS '角色ID';
COMMENT ON COLUMN "public"."sys_role"."role_name" IS '角色名称';
COMMENT ON COLUMN "public"."sys_role"."role_key" IS '角色权限字符串';
COMMENT ON COLUMN "public"."sys_role"."role_sort" IS '显示顺序';
COMMENT ON COLUMN "public"."sys_role"."data_scope" IS '数据范围（1：全部数据权限 2：自定数据权限 3：本部门数据权限 4：本部门及以下数据权限）';
COMMENT ON COLUMN "public"."sys_role"."menu_check_strictly" IS '菜单树选择项是否关联显示';
COMMENT ON COLUMN "public"."sys_role"."dept_check_strictly" IS '部门树选择项是否关联显示';
COMMENT ON COLUMN "public"."sys_role"."status" IS '角色状态（0正常 1停用）';
COMMENT ON COLUMN "public"."sys_role"."del_flag" IS '删除标志（0代表存在 2代表删除）';
COMMENT ON COLUMN "public"."sys_role"."create_by" IS '创建者';
COMMENT ON COLUMN "public"."sys_role"."create_time" IS '创建时间';
COMMENT ON COLUMN "public"."sys_role"."update_by" IS '更新者';
COMMENT ON COLUMN "public"."sys_role"."update_time" IS '更新时间';
COMMENT ON COLUMN "public"."sys_role"."remark" IS '备注';
COMMENT ON TABLE "public"."sys_role" IS '角色信息表';

-- ----------------------------
-- Records of sys_role
-- ----------------------------
INSERT INTO "public"."sys_role" VALUES (1, '超级管理员', 'admin', 1, '1', 't', 't', '0', '0', 'admin', '2021-05-26 18:56:28', '', NULL, '超级管理员');
INSERT INTO "public"."sys_role" VALUES (2, '普通角色', 'common', 2, '2', 'f', 'f', '0', '0', 'admin', '2021-05-26 18:56:28', 'admin', '2021-05-27 09:55:51.961721', '普通角色');

-- ----------------------------
-- Table structure for sys_role_dept
-- ----------------------------
DROP TABLE IF EXISTS "public"."sys_role_dept";
CREATE TABLE "public"."sys_role_dept" (
                                          "role_id" int8 NOT NULL,
                                          "dept_id" int8 NOT NULL
)
;
COMMENT ON COLUMN "public"."sys_role_dept"."role_id" IS '角色ID';
COMMENT ON COLUMN "public"."sys_role_dept"."dept_id" IS '部门ID';
COMMENT ON TABLE "public"."sys_role_dept" IS '角色和部门关联表';

-- ----------------------------
-- Records of sys_role_dept
-- ----------------------------
INSERT INTO "public"."sys_role_dept" VALUES (2, 100);
INSERT INTO "public"."sys_role_dept" VALUES (2, 101);
INSERT INTO "public"."sys_role_dept" VALUES (2, 105);

-- ----------------------------
-- Table structure for sys_role_menu
-- ----------------------------
DROP TABLE IF EXISTS "public"."sys_role_menu";
CREATE TABLE "public"."sys_role_menu" (
                                          "role_id" int8 NOT NULL,
                                          "menu_id" int8 NOT NULL
)
;
COMMENT ON COLUMN "public"."sys_role_menu"."role_id" IS '角色ID';
COMMENT ON COLUMN "public"."sys_role_menu"."menu_id" IS '菜单ID';
COMMENT ON TABLE "public"."sys_role_menu" IS '角色和菜单关联表';

-- ----------------------------
-- Records of sys_role_menu
-- ----------------------------
INSERT INTO "public"."sys_role_menu" VALUES (2, 1);
INSERT INTO "public"."sys_role_menu" VALUES (2, 100);
INSERT INTO "public"."sys_role_menu" VALUES (2, 1001);
INSERT INTO "public"."sys_role_menu" VALUES (2, 1002);
INSERT INTO "public"."sys_role_menu" VALUES (2, 1003);
INSERT INTO "public"."sys_role_menu" VALUES (2, 1004);
INSERT INTO "public"."sys_role_menu" VALUES (2, 1005);
INSERT INTO "public"."sys_role_menu" VALUES (2, 1006);
INSERT INTO "public"."sys_role_menu" VALUES (2, 1007);
INSERT INTO "public"."sys_role_menu" VALUES (2, 101);
INSERT INTO "public"."sys_role_menu" VALUES (2, 1008);
INSERT INTO "public"."sys_role_menu" VALUES (2, 1009);
INSERT INTO "public"."sys_role_menu" VALUES (2, 1010);
INSERT INTO "public"."sys_role_menu" VALUES (2, 1011);
INSERT INTO "public"."sys_role_menu" VALUES (2, 1012);
INSERT INTO "public"."sys_role_menu" VALUES (2, 102);
INSERT INTO "public"."sys_role_menu" VALUES (2, 1013);
INSERT INTO "public"."sys_role_menu" VALUES (2, 1014);
INSERT INTO "public"."sys_role_menu" VALUES (2, 1015);
INSERT INTO "public"."sys_role_menu" VALUES (2, 1016);
INSERT INTO "public"."sys_role_menu" VALUES (2, 103);
INSERT INTO "public"."sys_role_menu" VALUES (2, 1017);
INSERT INTO "public"."sys_role_menu" VALUES (2, 1018);
INSERT INTO "public"."sys_role_menu" VALUES (2, 1019);
INSERT INTO "public"."sys_role_menu" VALUES (2, 1020);
INSERT INTO "public"."sys_role_menu" VALUES (2, 104);
INSERT INTO "public"."sys_role_menu" VALUES (2, 1021);
INSERT INTO "public"."sys_role_menu" VALUES (2, 1022);
INSERT INTO "public"."sys_role_menu" VALUES (2, 1023);
INSERT INTO "public"."sys_role_menu" VALUES (2, 1024);
INSERT INTO "public"."sys_role_menu" VALUES (2, 1025);
INSERT INTO "public"."sys_role_menu" VALUES (2, 105);
INSERT INTO "public"."sys_role_menu" VALUES (2, 1026);
INSERT INTO "public"."sys_role_menu" VALUES (2, 1027);
INSERT INTO "public"."sys_role_menu" VALUES (2, 1028);
INSERT INTO "public"."sys_role_menu" VALUES (2, 1029);
INSERT INTO "public"."sys_role_menu" VALUES (2, 1030);
INSERT INTO "public"."sys_role_menu" VALUES (2, 106);
INSERT INTO "public"."sys_role_menu" VALUES (2, 1031);
INSERT INTO "public"."sys_role_menu" VALUES (2, 1032);
INSERT INTO "public"."sys_role_menu" VALUES (2, 1033);
INSERT INTO "public"."sys_role_menu" VALUES (2, 1034);
INSERT INTO "public"."sys_role_menu" VALUES (2, 1035);
INSERT INTO "public"."sys_role_menu" VALUES (2, 107);
INSERT INTO "public"."sys_role_menu" VALUES (2, 1036);
INSERT INTO "public"."sys_role_menu" VALUES (2, 1037);
INSERT INTO "public"."sys_role_menu" VALUES (2, 1038);
INSERT INTO "public"."sys_role_menu" VALUES (2, 1039);
INSERT INTO "public"."sys_role_menu" VALUES (2, 108);
INSERT INTO "public"."sys_role_menu" VALUES (2, 500);
INSERT INTO "public"."sys_role_menu" VALUES (2, 1040);
INSERT INTO "public"."sys_role_menu" VALUES (2, 1041);
INSERT INTO "public"."sys_role_menu" VALUES (2, 1042);
INSERT INTO "public"."sys_role_menu" VALUES (2, 501);
INSERT INTO "public"."sys_role_menu" VALUES (2, 1043);
INSERT INTO "public"."sys_role_menu" VALUES (2, 1044);
INSERT INTO "public"."sys_role_menu" VALUES (2, 1045);
INSERT INTO "public"."sys_role_menu" VALUES (2, 2);
INSERT INTO "public"."sys_role_menu" VALUES (2, 109);
INSERT INTO "public"."sys_role_menu" VALUES (2, 1046);
INSERT INTO "public"."sys_role_menu" VALUES (2, 1047);
INSERT INTO "public"."sys_role_menu" VALUES (2, 1048);
INSERT INTO "public"."sys_role_menu" VALUES (2, 110);
INSERT INTO "public"."sys_role_menu" VALUES (2, 1049);
INSERT INTO "public"."sys_role_menu" VALUES (2, 1050);
INSERT INTO "public"."sys_role_menu" VALUES (2, 1051);
INSERT INTO "public"."sys_role_menu" VALUES (2, 1052);
INSERT INTO "public"."sys_role_menu" VALUES (2, 1053);
INSERT INTO "public"."sys_role_menu" VALUES (2, 1054);
INSERT INTO "public"."sys_role_menu" VALUES (2, 111);
INSERT INTO "public"."sys_role_menu" VALUES (2, 112);
INSERT INTO "public"."sys_role_menu" VALUES (2, 113);
INSERT INTO "public"."sys_role_menu" VALUES (2, 3);
INSERT INTO "public"."sys_role_menu" VALUES (2, 114);
INSERT INTO "public"."sys_role_menu" VALUES (2, 115);
INSERT INTO "public"."sys_role_menu" VALUES (2, 1055);
INSERT INTO "public"."sys_role_menu" VALUES (2, 1058);
INSERT INTO "public"."sys_role_menu" VALUES (2, 1056);
INSERT INTO "public"."sys_role_menu" VALUES (2, 1057);
INSERT INTO "public"."sys_role_menu" VALUES (2, 1059);
INSERT INTO "public"."sys_role_menu" VALUES (2, 1060);
INSERT INTO "public"."sys_role_menu" VALUES (2, 116);
INSERT INTO "public"."sys_role_menu" VALUES (2, 4);

-- ----------------------------
-- Table structure for sys_user
-- ----------------------------
DROP TABLE IF EXISTS "public"."sys_user";
CREATE TABLE "public"."sys_user" (
                                     "user_id" bigserial,
                                     "dept_id" int8,
                                     "user_name" varchar(30) COLLATE "pg_catalog"."default" NOT NULL,
                                     "nick_name" varchar(30) COLLATE "pg_catalog"."default" NOT NULL,
                                     "user_type" varchar(2) COLLATE "pg_catalog"."default",
                                     "email" varchar(50) COLLATE "pg_catalog"."default",
                                     "phonenumber" varchar(11) COLLATE "pg_catalog"."default",
                                     "sex" char(1) COLLATE "pg_catalog"."default",
                                     "avatar" varchar(100) COLLATE "pg_catalog"."default",
                                     "password" varchar(100) COLLATE "pg_catalog"."default",
                                     "status" char(1) COLLATE "pg_catalog"."default",
                                     "del_flag" char(1) default '0',
                                     "login_ip" varchar(128) COLLATE "pg_catalog"."default",
                                     "login_date" timestamp(6),
                                     "create_by" varchar(64) COLLATE "pg_catalog"."default",
                                     "create_time" timestamp(6),
                                     "update_by" varchar(64) COLLATE "pg_catalog"."default",
                                     "update_time" timestamp(6),
                                     "remark" varchar(500) COLLATE "pg_catalog"."default"
)
;
COMMENT ON COLUMN "public"."sys_user"."user_id" IS '用户ID';
COMMENT ON COLUMN "public"."sys_user"."dept_id" IS '部门ID';
COMMENT ON COLUMN "public"."sys_user"."user_name" IS '用户账号';
COMMENT ON COLUMN "public"."sys_user"."nick_name" IS '用户昵称';
COMMENT ON COLUMN "public"."sys_user"."user_type" IS '用户类型（00系统用户）';
COMMENT ON COLUMN "public"."sys_user"."email" IS '用户邮箱';
COMMENT ON COLUMN "public"."sys_user"."phonenumber" IS '手机号码';
COMMENT ON COLUMN "public"."sys_user"."sex" IS '用户性别（0男 1女 2未知）';
COMMENT ON COLUMN "public"."sys_user"."avatar" IS '头像地址';
COMMENT ON COLUMN "public"."sys_user"."password" IS '密码';
COMMENT ON COLUMN "public"."sys_user"."status" IS '帐号状态（0正常 1停用）';
COMMENT ON COLUMN "public"."sys_user"."del_flag" IS '删除标志（0代表存在 2代表删除）';
COMMENT ON COLUMN "public"."sys_user"."login_ip" IS '最后登录IP';
COMMENT ON COLUMN "public"."sys_user"."login_date" IS '最后登录时间';
COMMENT ON COLUMN "public"."sys_user"."create_by" IS '创建者';
COMMENT ON COLUMN "public"."sys_user"."create_time" IS '创建时间';
COMMENT ON COLUMN "public"."sys_user"."update_by" IS '更新者';
COMMENT ON COLUMN "public"."sys_user"."update_time" IS '更新时间';
COMMENT ON COLUMN "public"."sys_user"."remark" IS '备注';
COMMENT ON TABLE "public"."sys_user" IS '用户信息表';

-- ----------------------------
-- Records of sys_user
-- ----------------------------
INSERT INTO "public"."sys_user" VALUES (2, 105, 'ry', '猫头虎', '00', 'ry@qq.com', '15666666666', '1', '', '$2a$10$7JB720yubVSZvUI0rEqK/.VqGOZTH.ulu33dHOiBE8ByOhJIrdAu2', '0', '0', '127.0.0.1', '2021-05-26 18:56:28', 'admin', '2021-05-26 18:56:28', 'admin', '2021-05-27 09:55:37.595036', '测试员');
INSERT INTO "public"."sys_user" VALUES (1, 103, 'admin', '猫头虎', '00', 'ry@163.com', '15888888888', '1', '', '$2a$10$7JB720yubVSZvUI0rEqK/.VqGOZTH.ulu33dHOiBE8ByOhJIrdAu2', '0', '0', '127.0.0.1', '2021-05-27 10:21:19.689', 'admin', '2021-05-26 18:56:28', '', '2021-05-27 10:21:19.694616', '管理员');

-- ----------------------------
-- Table structure for sys_user_post
-- ----------------------------
DROP TABLE IF EXISTS "public"."sys_user_post";
CREATE TABLE "public"."sys_user_post" (
                                          "user_id" int8 NOT NULL,
                                          "post_id" int8 NOT NULL
)
;
COMMENT ON COLUMN "public"."sys_user_post"."user_id" IS '用户ID';
COMMENT ON COLUMN "public"."sys_user_post"."post_id" IS '岗位ID';
COMMENT ON TABLE "public"."sys_user_post" IS '用户与岗位关联表';

-- ----------------------------
-- Records of sys_user_post
-- ----------------------------
INSERT INTO "public"."sys_user_post" VALUES (1, 1);
INSERT INTO "public"."sys_user_post" VALUES (2, 2);

-- ----------------------------
-- Table structure for sys_user_role
-- ----------------------------
DROP TABLE IF EXISTS "public"."sys_user_role";
CREATE TABLE "public"."sys_user_role" (
                                          "user_id" int8 NOT NULL,
                                          "role_id" int8 NOT NULL
)
;
COMMENT ON COLUMN "public"."sys_user_role"."user_id" IS '用户ID';
COMMENT ON COLUMN "public"."sys_user_role"."role_id" IS '角色ID';
COMMENT ON TABLE "public"."sys_user_role" IS '用户和角色关联表';

-- ----------------------------
-- Records of sys_user_role
-- ----------------------------
INSERT INTO "public"."sys_user_role" VALUES (1, 1);
INSERT INTO "public"."sys_user_role" VALUES (2, 2);

-- ----------------------------
-- Primary Key structure for table gen_table
-- ----------------------------
ALTER TABLE "public"."gen_table" ADD CONSTRAINT "gen_table_pkey" PRIMARY KEY ("table_id");

-- ----------------------------
-- Primary Key structure for table gen_table_column
-- ----------------------------
ALTER TABLE "public"."gen_table_column" ADD CONSTRAINT "gen_table_column_pkey" PRIMARY KEY ("column_id");

-- ----------------------------
-- Primary Key structure for table qrtz_blob_triggers
-- ----------------------------
ALTER TABLE "public"."qrtz_blob_triggers" ADD CONSTRAINT "QRTZ_BLOB_TRIGGERS_pkey" PRIMARY KEY ("sched_name", "trigger_name", "trigger_group");

-- ----------------------------
-- Primary Key structure for table qrtz_calendars
-- ----------------------------
ALTER TABLE "public"."qrtz_calendars" ADD CONSTRAINT "QRTZ_CALENDARS_pkey" PRIMARY KEY ("sched_name", "calendar_name");

-- ----------------------------
-- Primary Key structure for table qrtz_cron_triggers
-- ----------------------------
ALTER TABLE "public"."qrtz_cron_triggers" ADD CONSTRAINT "QRTZ_CRON_TRIGGERS_pkey" PRIMARY KEY ("sched_name", "trigger_name", "trigger_group");

-- ----------------------------
-- Primary Key structure for table qrtz_fired_triggers
-- ----------------------------
ALTER TABLE "public"."qrtz_fired_triggers" ADD CONSTRAINT "QRTZ_FIRED_TRIGGERS_pkey" PRIMARY KEY ("sched_name", "entry_id");

-- ----------------------------
-- Primary Key structure for table qrtz_job_details
-- ----------------------------
ALTER TABLE "public"."qrtz_job_details" ADD CONSTRAINT "QRTZ_JOB_DETAILS_pkey" PRIMARY KEY ("sched_name", "job_name", "job_group");

-- ----------------------------
-- Primary Key structure for table qrtz_locks
-- ----------------------------
ALTER TABLE "public"."qrtz_locks" ADD CONSTRAINT "QRTZ_LOCKS_pkey" PRIMARY KEY ("sched_name", "lock_name");

-- ----------------------------
-- Primary Key structure for table qrtz_paused_trigger_grps
-- ----------------------------
ALTER TABLE "public"."qrtz_paused_trigger_grps" ADD CONSTRAINT "QRTZ_PAUSED_TRIGGER_GRPS_pkey" PRIMARY KEY ("sched_name", "trigger_group");

-- ----------------------------
-- Primary Key structure for table qrtz_scheduler_state
-- ----------------------------
ALTER TABLE "public"."qrtz_scheduler_state" ADD CONSTRAINT "QRTZ_SCHEDULER_STATE_pkey" PRIMARY KEY ("sched_name", "instance_name");

-- ----------------------------
-- Primary Key structure for table qrtz_simple_triggers
-- ----------------------------
ALTER TABLE "public"."qrtz_simple_triggers" ADD CONSTRAINT "QRTZ_SIMPLE_TRIGGERS_pkey" PRIMARY KEY ("sched_name", "trigger_name", "trigger_group");

-- ----------------------------
-- Primary Key structure for table qrtz_simprop_triggers
-- ----------------------------
ALTER TABLE "public"."qrtz_simprop_triggers" ADD CONSTRAINT "QRTZ_SIMPROP_TRIGGERS_pkey" PRIMARY KEY ("sched_name", "trigger_name", "trigger_group");

-- ----------------------------
-- Indexes structure for table qrtz_triggers
-- ----------------------------
CREATE INDEX "sched_name" ON "public"."qrtz_triggers" USING btree (
                                                                   "sched_name" COLLATE "pg_catalog"."default" "pg_catalog"."text_ops" ASC NULLS LAST,
                                                                   "job_name" COLLATE "pg_catalog"."default" "pg_catalog"."text_ops" ASC NULLS LAST,
                                                                   "job_group" COLLATE "pg_catalog"."default" "pg_catalog"."text_ops" ASC NULLS LAST
    );

-- ----------------------------
-- Primary Key structure for table qrtz_triggers
-- ----------------------------
ALTER TABLE "public"."qrtz_triggers" ADD CONSTRAINT "QRTZ_TRIGGERS_pkey" PRIMARY KEY ("sched_name", "trigger_name", "trigger_group");

-- ----------------------------
-- Primary Key structure for table sys_config
-- ----------------------------
ALTER TABLE "public"."sys_config" ADD CONSTRAINT "sys_config_pkey" PRIMARY KEY ("config_id");

-- ----------------------------
-- Primary Key structure for table sys_dept
-- ----------------------------
ALTER TABLE "public"."sys_dept" ADD CONSTRAINT "sys_dept_pkey" PRIMARY KEY ("dept_id");

-- ----------------------------
-- Primary Key structure for table __data
-- ----------------------------
ALTER TABLE "public"."sys_dict_data" ADD CONSTRAINT "sys_dict_data_pkey" PRIMARY KEY ("dict_code");

-- ----------------------------
-- Indexes structure for table sys_dict_type
-- ----------------------------
CREATE INDEX "dict_type" ON "public"."sys_dict_type" USING btree (
                                                                  "dict_type" COLLATE "pg_catalog"."default" "pg_catalog"."text_ops" ASC NULLS LAST
    );

-- ----------------------------
-- Primary Key structure for table sys_dict_type
-- ----------------------------
ALTER TABLE "public"."sys_dict_type" ADD CONSTRAINT "sys_dict_type_pkey" PRIMARY KEY ("dict_id");

-- ----------------------------
-- Primary Key structure for table sys_job
-- ----------------------------
ALTER TABLE "public"."sys_job" ADD CONSTRAINT "sys_job_pkey" PRIMARY KEY ("job_id", "job_name", "job_group");

-- ----------------------------
-- Primary Key structure for table sys_job_log
-- ----------------------------
ALTER TABLE "public"."sys_job_log" ADD CONSTRAINT "sys_job_log_pkey" PRIMARY KEY ("job_log_id");

-- ----------------------------
-- Primary Key structure for table sys_logininfor
-- ----------------------------
ALTER TABLE "public"."sys_logininfor" ADD CONSTRAINT "sys_logininfor_pkey" PRIMARY KEY ("info_id");

-- ----------------------------
-- Primary Key structure for table sys_menu
-- ----------------------------
ALTER TABLE "public"."sys_menu" ADD CONSTRAINT "sys_menu_pkey" PRIMARY KEY ("menu_id");

-- ----------------------------
-- Primary Key structure for table sys_notice
-- ----------------------------
ALTER TABLE "public"."sys_notice" ADD CONSTRAINT "sys_notice_pkey" PRIMARY KEY ("notice_id");

-- ----------------------------
-- Primary Key structure for table sys_oper_log
-- ----------------------------
ALTER TABLE "public"."sys_oper_log" ADD CONSTRAINT "sys_oper_log_pkey" PRIMARY KEY ("oper_id");

-- ----------------------------
-- Primary Key structure for table sys_post
-- ----------------------------
ALTER TABLE "public"."sys_post" ADD CONSTRAINT "sys_post_pkey" PRIMARY KEY ("post_id");

-- ----------------------------
-- Primary Key structure for table sys_role
-- ----------------------------
ALTER TABLE "public"."sys_role" ADD CONSTRAINT "sys_role_pkey" PRIMARY KEY ("role_id");

-- ----------------------------
-- Primary Key structure for table sys_role_dept
-- ----------------------------
ALTER TABLE "public"."sys_role_dept" ADD CONSTRAINT "sys_role_dept_pkey" PRIMARY KEY ("role_id", "dept_id");

-- ----------------------------
-- Primary Key structure for table sys_role_menu
-- ----------------------------
ALTER TABLE "public"."sys_role_menu" ADD CONSTRAINT "sys_role_menu_pkey" PRIMARY KEY ("role_id", "menu_id");

-- ----------------------------
-- Primary Key structure for table sys_user
-- ----------------------------
ALTER TABLE "public"."sys_user" ADD CONSTRAINT "sys_user_pkey" PRIMARY KEY ("user_id");

-- ----------------------------
-- Primary Key structure for table sys_user_post
-- ----------------------------
ALTER TABLE "public"."sys_user_post" ADD CONSTRAINT "sys_user_post_pkey" PRIMARY KEY ("user_id", "post_id");

-- ----------------------------
-- Primary Key structure for table sys_user_role
-- ----------------------------
ALTER TABLE "public"."sys_user_role" ADD CONSTRAINT "sys_user_role_pkey" PRIMARY KEY ("user_id", "role_id");

-- ----------------------------
-- Foreign Keys structure for table qrtz_blob_triggers
-- ----------------------------
ALTER TABLE "public"."qrtz_blob_triggers" ADD CONSTRAINT "QRTZ_BLOB_TRIGGERS_ibfk_1" FOREIGN KEY ("sched_name", "trigger_name", "trigger_group") REFERENCES "public"."qrtz_triggers" ("sched_name", "trigger_name", "trigger_group") ON DELETE NO ACTION ON UPDATE NO ACTION;

-- ----------------------------
-- Foreign Keys structure for table qrtz_cron_triggers
-- ----------------------------
ALTER TABLE "public"."qrtz_cron_triggers" ADD CONSTRAINT "QRTZ_CRON_TRIGGERS_ibfk_1" FOREIGN KEY ("sched_name", "trigger_name", "trigger_group") REFERENCES "public"."qrtz_triggers" ("sched_name", "trigger_name", "trigger_group") ON DELETE NO ACTION ON UPDATE NO ACTION;

-- ----------------------------
-- Foreign Keys structure for table qrtz_simple_triggers
-- ----------------------------
ALTER TABLE "public"."qrtz_simple_triggers" ADD CONSTRAINT "QRTZ_SIMPLE_TRIGGERS_ibfk_1" FOREIGN KEY ("sched_name", "trigger_name", "trigger_group") REFERENCES "public"."qrtz_triggers" ("sched_name", "trigger_name", "trigger_group") ON DELETE NO ACTION ON UPDATE NO ACTION;

-- ----------------------------
-- Foreign Keys structure for table qrtz_simprop_triggers
-- ----------------------------
ALTER TABLE "public"."qrtz_simprop_triggers" ADD CONSTRAINT "QRTZ_SIMPROP_TRIGGERS_ibfk_1" FOREIGN KEY ("sched_name", "trigger_name", "trigger_group") REFERENCES "public"."qrtz_triggers" ("sched_name", "trigger_name", "trigger_group") ON DELETE NO ACTION ON UPDATE NO ACTION;

-- ----------------------------
-- Foreign Keys structure for table qrtz_triggers
-- ----------------------------
ALTER TABLE "public"."qrtz_triggers" ADD CONSTRAINT "QRTZ_TRIGGERS_ibfk_1" FOREIGN KEY ("sched_name", "job_name", "job_group") REFERENCES "public"."qrtz_job_details" ("sched_name", "job_name", "job_group") ON DELETE NO ACTION ON UPDATE NO ACTION;



CREATE OR REPLACE FUNCTION "public"."find_in_set"(int8, varchar)
    RETURNS "pg_catalog"."bool" AS $BODY$
DECLARE
    STR ALIAS FOR $1;
    STRS ALIAS FOR $2;
    POS INTEGER;
    STATUS BOOLEAN;
BEGIN
    SELECT POSITION( ','||STR||',' IN ','||STRS||',') INTO POS;
    IF POS > 0 THEN
        STATUS = TRUE;
    ELSE
        STATUS = FALSE;
    END IF;
    RETURN STATUS;
END;
$BODY$
    LANGUAGE plpgsql VOLATILE
                     COST 100;


alter sequence sys_user_user_id_seq  restart  3;
alter sequence sys_config_config_id_seq  restart  100;
alter sequence sys_dept_dept_id_seq  restart  110;
alter sequence sys_dict_data_dict_code_seq  restart  29;
alter sequence sys_dict_type_dict_id_seq  restart  11;
alter sequence sys_job_job_id_seq  restart  4;
alter sequence sys_menu_menu_id_seq  restart  2000;
alter sequence sys_notice_notice_id_seq  restart  3;
alter sequence sys_post_post_id_seq  restart  5;
alter sequence sys_role_role_id_seq  restart  3;